epoch,train_loss,train_loss_cls,train_loss_cls_source,train_loss_cls_target,train_loss_tal,train_loss_dual_g,train_loss_dual_d,train_grad_norm_main,train_grad_norm_discriminator,train_grad_clip_fraction_main,train_grad_clip_fraction_discriminator,train_adversarial_scale,train_module_c_scale,train_acc,train_acc_source,train_acc_target,train_acc_source_like,train_acc_target_like,train_dual_d_discriminator_total,train_dual_d_discriminator_primary,train_dual_d_discriminator_auxiliary,train_dual_d_generator_total,train_dual_d_adv_primary,train_dual_d_adv_auxiliary,train_dual_d_cycle,train_dual_d_identity,train_dual_d_contrastive,train_dual_d_prototype_contrastive,train_dual_d_classification_feedback,train_dual_d_weighted_cycle,train_dual_d_weighted_identity,train_dual_d_weighted_contrastive,train_dual_d_weighted_prototype_contrastive,train_dual_d_weighted_classification_feedback,val_loss,val_acc,val_precision_macro_present,val_recall_macro_present,val_f1_macro_present,val_precision_micro,val_recall_micro,val_f1_micro,val_raw_loss,val_raw_acc,val_raw_f1_macro_present,train_full_acc,train_full_f1_macro_present,train_sampled_minus_full_acc,monitor_value,lr_main,lr_discriminator,lr_discriminator_to_main_ratio,epoch_seconds
1,5.561427414417267,5.533482491970062,3.0015288293361664,2.978768914937973,0.09314979519695044,0.0,0.0,24.504315853118896,0.0,1.0,0.0,0.0,0.0,0.140625,0.18359375,0.140625,0.09765625,0.16796875,0.0,0.0,0.0,0.0,0.9769946411252022,0.7426953092217445,0.3569975644350052,0.2680814117193222,1.687211513519287,1.7958166599273682,6.050036430358887,0.0,0.0,0.0,0.0,0.0,2.9330451488494873,0.038461538461538464,0.009259259259259259,0.03333333333333333,0.014492753623188408,0.038461538461538464,0.038461538461538464,0.038461538461538464,2.905940055847168,0.038461538461538464,0.025641025641025644,0.052083333333333336,0.01851851851851852,0.045572916666666664,0.014492753623188408,7e-05,3.5e-05,0.5,118.45779466629028
2,4.238454699516296,4.201464891433716,2.3079112470149994,2.227710008621216,0.123299365863204,0.0,0.0,19.48876643180847,0.0,1.0,0.0,0.0,0.0,0.3125,0.2578125,0.3125,0.28125,0.265625,0.0,0.0,0.0,0.0,0.9155932441353798,0.6624045148491859,0.358061246573925,0.2687233276665211,1.6760726124048233,1.7772494852542877,4.69174188375473,0.0,0.0,0.0,0.0,0.0,2.7206170558929443,0.19230769230769232,0.03787878787878788,0.16666666666666666,0.06172839506172839,0.19230769230769232,0.19230769230769232,0.19230769230769232,2.693068742752075,0.19230769230769232,0.0574712643678161,0.1875,0.07125712571257126,0.09375,0.06172839506172839,7e-05,3.5e-05,0.5,126.79090332984924
3,3.5240513682365417,3.5043865442276,1.935741811990738,1.8454643785953522,0.06554953660815954,0.0,0.0,17.026644468307495,0.0,1.0,0.0,0.0,0.0,0.46484375,0.39453125,0.46484375,0.421875,0.37109375,0.0,0.0,0.0,0.0,0.8037857934832573,0.6383239179849625,0.3589937128126621,0.26858238130807877,1.660792276263237,1.747241348028183,3.952200621366501,0.0,0.0,0.0,0.0,0.0,2.442176103591919,0.2692307692307692,0.2601010101010101,0.2916666666666667,0.19506172839506175,0.2692307692307692,0.2692307692307692,0.2692307692307692,2.4626452922821045,0.2692307692307692,0.20952380952380953,0.2604166666666667,0.18157894736842106,0.16145833333333331,0.19506172839506175,7e-05,3.5e-05,0.5,123.29422092437744
4,3.203991949558258,2.9545719623565674,1.6021991521120071,1.5910268276929855,0.006562826922163367,0.24745116010308266,0.0,15.713315844535828,0.0,1.0,0.0,0.0,0.125,0.51171875,0.50390625,0.51171875,0.5234375,0.49609375,0.0,0.0,0.0,0.24745116010308266,0.8639831468462944,0.6616892665624619,0.35691406950354576,0.2664617747068405,1.6267729848623276,1.713245615363121,3.2656213641166687,0.014276562491431832,0.0016653861093800515,0.008133864728733897,0.019274014048278332,0.2041013352572918,2.0178465843200684,0.38461538461538464,0.20952380952380953,0.4666666666666666,0.2866256550467077,0.38461538461538464,0.38461538461538464,0.38461538461538464,2.0119547843933105,0.4230769230769231,0.3277777777777778,0.28125,0.2034832451499118,0.2421875,0.2866256550467077,7e-05,3.5e-05,0.5,120.36543393135071
5,3.075815886259079,2.6357467472553253,1.472893625497818,1.3680624961853027,-0.022972478298470378,0.446960873901844,0.0,14.965114831924438,0.0,1.0,0.0,0.0,0.25,0.64453125,0.58203125,0.64453125,0.6796875,0.53125,0.0,0.0,0.0,0.446960873901844,0.7764804437756538,0.6373157426714897,0.34927259758114815,0.2641719914972782,1.5422329604625702,1.6501353234052658,2.9053323566913605,0.02794180763885379,0.0033021499402821064,0.015422329190187156,0.03712804615497589,0.36316654458642006,1.789208173751831,0.38461538461538464,0.3494949494949495,0.5166666666666667,0.36666666666666664,0.38461538461538464,0.38461538461538464,0.38461538461538464,1.791367769241333,0.4230769230769231,0.40079365079365076,0.3958333333333333,0.4154964903269988,0.2838541666666667,0.36666666666666664,7e-05,3.5e-05,0.5,121.62541341781616
6,3.003811150789261,2.4314244389533997,1.3862236440181732,1.2296480387449265,-0.03342123981565237,0.5824131146073341,0.0,14.808525204658508,0.0,1.0,0.0,0.0,0.375,0.72265625,0.6171875,0.72265625,0.7109375,0.65234375,0.0,0.0,0.0,0.5824131146073341,0.7849820628762245,0.7051539272069931,0.3436749093234539,0.2608361281454563,1.5139022469520569,1.6011625528335571,2.4508462250232697,0.041240987833589315,0.004890677519142628,0.022708532866090536,0.05403923848643899,0.4595336727797985,1.8460595607757568,0.38461538461538464,0.35683760683760685,0.5166666666666667,0.36378490790255497,0.38461538461538464,0.38461538461538464,0.38461538461538464,1.8455946445465088,0.38461538461538464,0.3681139122315593,0.4166666666666667,0.45411876431484277,0.2942708333333333,0.36378490790255497,7e-05,3.5e-05,0.5,121.7413272857666
7,2.8365989923477173,2.098899707198143,1.2379848659038544,1.0128409564495087,-0.053807443007826805,0.7538414895534515,0.8223375380039215,14.875019431114197,1.8475178480148315,1.0,0.0,0.05555555555555555,0.5,0.828125,0.6640625,0.828125,0.7734375,0.69140625,0.8223375380039215,0.8303443044424057,0.8143307864665985,0.7538414895534515,0.8487125784158707,0.6825463324785233,0.33608587831258774,0.2565302103757858,1.4455603063106537,1.5411079972982407,2.3696639239788055,0.053773739375174046,0.006413255352526903,0.028911205241456628,0.06934986263513565,0.5924159809947014,1.847334384918213,0.46153846153846156,0.5388888888888889,0.6333333333333334,0.49170274170274175,0.46153846153846156,0.46153846153846156,0.46153846153846156,1.8328888416290283,0.46153846153846156,0.49170274170274175,0.46875,0.5040887162996321,0.3046875,0.49170274170274175,7e-05,3.5e-05,0.5,122.09968256950378
8,2.7316057682037354,1.9117901623249054,1.085264042019844,0.9723836481571198,-0.0524457274004817,0.8355493247509003,0.8095422089099884,15.164111852645874,1.7366876900196075,1.0,0.0,0.1111111111111111,0.625,0.81640625,0.77734375,0.81640625,0.86328125,0.75,0.8095422089099884,0.7965053468942642,0.8225790411233902,0.8355493247509003,0.8345970287919044,0.7837882786989212,0.32723911851644516,0.2529972717165947,1.3842610865831375,1.4820237755775452,2.0413800328969955,0.06544782500714064,0.007906164741143584,0.03460652753710747,0.08336383569985628,0.6379312574863434,1.5781183242797852,0.5,0.536574074074074,0.6166666666666667,0.5108363858363858,0.5,0.5,0.5,1.570255160331726,0.5,0.5138888888888888,0.5520833333333334,0.5136974136974136,0.31119791666666663,0.5108363858363858,7e-05,3.5e-05,0.5,119.75169491767883
9,2.643550932407379,1.7414048612117767,1.017571970820427,0.8515681028366089,-0.07225906476378441,0.923823818564415,0.862878680229187,16.199110984802246,1.8478232622146606,1.0,0.0,0.16666666666666666,0.75,0.86328125,0.8125,0.86328125,0.85546875,0.82421875,0.862878680229187,0.8659101575613022,0.8598472028970718,0.923823818564415,0.8116309940814972,0.8010902404785156,0.3189227133989334,0.24940215423703194,1.3310229927301407,1.397721990942955,1.8513208478689194,0.07654144987463951,0.00935258122626692,0.03993068914860487,0.09434623830020428,0.6942453160881996,1.740919828414917,0.4230769230769231,0.35846560846560843,0.5,0.3502886002886003,0.4230769230769231,0.4230769230769231,0.4230769230769231,1.7338576316833496,0.5,0.5193602693602694,0.5729166666666666,0.52932386990358,0.28255208333333337,0.3502886002886003,7e-05,3.5e-05,0.5,122.65459036827087
10,2.5759185552597046,1.6066617369651794,0.9399115815758705,0.7844118997454643,-0.08845951687544584,0.9957946389913559,0.8211008161306381,17.455341458320618,1.7353048920631409,1.0,0.0,0.2222222222222222,0.875,0.921875,0.84765625,0.921875,0.9140625,0.84765625,0.8211008161306381,0.8716645240783691,0.7705371081829071,0.9957946389913559,0.8587807342410088,0.8063182160258293,0.3090604767203331,0.24689325504004955,1.2974773645401,1.355630874633789,1.67620050907135,0.08653693366795778,0.0108015799196437,0.04541170736774802,0.1067559290677309,0.7333377152681351,1.3667906522750854,0.5,0.5490740740740742,0.5291666666666667,0.41569541569541574,0.5,0.5,0.5,1.3514246940612793,0.5384615384615384,0.5342139342139341,0.78125,0.7461097038496419,0.1328125,0.41569541569541574,7e-05,3.5e-05,0.5,120.89403557777405
11,2.658925235271454,1.559625580906868,0.9240265786647797,0.7477635443210602,-0.05244433623738587,1.1150329262018204,0.7945624887943268,14.838937044143677,1.688020259141922,1.0,0.0,0.2777777777777778,1.0,0.9296875,0.84765625,0.9296875,0.8984375,0.87109375,0.7945624887943268,0.8391050845384598,0.750019907951355,1.1150329262018204,0.8066300302743912,0.7847419753670692,0.30071374773979187,0.2444782815873623,1.2520603686571121,1.3113629221916199,1.6460077464580536,0.09622839652001858,0.01222391426563263,0.05008241394534707,0.11802266910672188,0.8230038732290268,1.1158664226531982,0.6153846153846154,0.748015873015873,0.7291666666666666,0.6537878787878788,0.6153846153846154,0.6153846153846154,0.6153846153846154,1.1024724245071411,0.6538461538461539,0.6881313131313131,0.7708333333333334,0.7442201518288475,0.12760416666666663,0.6537878787878788,7e-05,3.5e-05,0.5,121.48548316955566
12,2.5611055493354797,1.5057742297649384,0.914737157523632,0.6953377053141594,-0.1078801890835166,1.087695375084877,0.8106731623411179,14.274474263191223,1.7317638397216797,1.0,0.0,0.3333333333333333,1.0,0.95703125,0.8671875,0.95703125,0.9453125,0.8671875,0.8106731623411179,0.8880055993795395,0.733340710401535,1.087695375084877,0.8144703134894371,0.841669112443924,0.29452698677778244,0.2414728533476591,1.2074951827526093,1.2511586993932724,1.6022947877645493,0.09424863290041685,0.012073643039911985,0.04829980572685599,0.11260428559035063,0.8011473938822746,1.3159863948822021,0.6153846153846154,0.7619047619047619,0.7541666666666668,0.6423761423761424,0.6153846153846154,0.6153846153846154,0.6153846153846154,1.3112889528274536,0.6153846153846154,0.6576539201539201,0.75,0.73003848003848,0.1953125,0.6423761423761424,7e-05,3.5e-05,0.5,123.3223352432251
13,2.368966430425644,1.3670214712619781,0.811740554869175,0.6532716378569603,-0.09040203993208706,1.0290655717253685,0.7344465106725693,13.160076379776001,1.5580251216888428,1.0,0.0,0.3888888888888889,1.0,0.94921875,0.8671875,0.94921875,0.9765625,0.8984375,0.7344465106725693,0.7824216187000275,0.6864713728427887,1.0290655717253685,0.8456941619515419,0.8794060945510864,0.2878309190273285,0.23868723772466183,1.1815183907747269,1.1793444454669952,1.4962861090898514,0.09210589155554771,0.011934362119063735,0.047260734252631664,0.10614100284874439,0.7481430545449257,1.1760412454605103,0.5,0.5611111111111111,0.5416666666666666,0.44166666666666665,0.5,0.5,0.5,1.175339937210083,0.6538461538461539,0.6805555555555555,0.7916666666666666,0.7288687630548095,0.18489583333333337,0.44166666666666665,7e-05,3.5e-05,0.5,121.95114636421204
14,2.442503958940506,1.426322117447853,0.851053036749363,0.6767871305346489,-0.07112477999180555,1.0375192239880562,0.7670529931783676,16.38280463218689,1.6341159045696259,1.0,0.0,0.4444444444444444,1.0,0.95703125,0.87109375,0.95703125,0.9375,0.87890625,0.7670529931783676,0.8307266086339951,0.7033793777227402,1.0375192239880562,0.7936597093939781,0.9269245341420174,0.28169815987348557,0.23718236573040485,1.0872095376253128,1.143267646431923,1.524739146232605,0.09014340955764055,0.01185911858920008,0.043488381430506706,0.10289409290999174,0.7623695731163025,0.9930530786514282,0.7692307692307693,0.8263888888888888,0.85,0.7976495726495726,0.7692307692307693,0.7692307692307693,0.7692307692307693,0.999406099319458,0.7692307692307693,0.7976495726495726,0.8125,0.8002659171092712,0.125,0.7976495726495726,7e-05,3.5e-05,0.5,120.0928704738617
15,2.2314012348651886,1.3021928519010544,0.7296024784445763,0.6736357137560844,-0.07802017591893673,0.9526143819093704,0.7686925679445267,12.584995031356812,1.5938537120819092,1.0,0.0,0.5,1.0,0.96484375,0.9453125,0.96484375,0.98046875,0.921875,0.7686925679445267,0.8290911316871643,0.708294004201889,0.9526143819093704,0.813527800142765,0.8596193417906761,0.27563295140862465,0.2353831920772791,1.0748891532421112,1.101031705737114,1.3625483214855194,0.08820254355669022,0.011769159813411534,0.04299556463956833,0.09909285698086023,0.6812741607427597,0.8357617855072021,0.8846153846153846,0.8833333333333333,0.9249999999999999,0.8906685906685907,0.8846153846153846,0.8846153846153846,0.8846153846153846,0.853237509727478,0.8846153846153846,0.8906685906685907,0.8645833333333334,0.8456873134055819,0.11588541666666663,0.8906685906685907,7e-05,3.5e-05,0.5,119.1031596660614
16,2.0943022668361664,1.1899360716342926,0.6703148484230042,0.6113190650939941,-0.11513145314529538,0.9389056339859962,0.7852640450000763,11.841245293617249,1.570082038640976,1.0,0.0,0.5555555555555556,1.0,0.98828125,0.94921875,0.98828125,0.98828125,0.94921875,0.7852640450000763,0.863526925444603,0.7070011347532272,0.9389056339859962,0.8044576868414879,0.8585323840379715,0.2726680189371109,0.23369253426790237,1.0787128061056137,1.0582986325025558,1.3384718745946884,0.08725376334041357,0.011684626922942698,0.04314851062372327,0.0952468803152442,0.6692359372973442,1.0790914297103882,0.6923076923076923,0.784126984126984,0.7333333333333334,0.6851010101010101,0.6923076923076923,0.6923076923076923,0.6923076923076923,1.0750389099121094,0.7307692307692307,0.7067460317460318,0.8229166666666666,0.805883916565031,0.16536458333333337,0.6851010101010101,7e-05,3.5e-05,0.5,122.321786403656
17,2.2591606974601746,1.3010909259319305,0.7796050384640694,0.6135127916932106,-0.08097724756225944,0.9823629707098007,0.7843994796276093,19.10231339931488,1.5537172257900238,1.0,0.0,0.6111111111111112,1.0,0.97265625,0.91015625,0.97265625,0.96875,0.91015625,0.7843994796276093,0.8208038508892059,0.7479950785636902,0.9823629707098007,0.8389103040099144,0.7851530537009239,0.2682887502014637,0.23252133466303349,1.0193461701273918,1.0324512869119644,1.4329062402248383,0.08585239853709936,0.011626066989265382,0.04077384574338794,0.09292061813175678,0.7164531201124191,1.0391979217529297,0.8076923076923077,0.861111111111111,0.8583333333333334,0.815873015873016,0.8076923076923077,0.8076923076923077,0.8076923076923077,1.080057978630066,0.8076923076923077,0.815873015873016,0.8125,0.7850726615432498,0.15625,0.815873015873016,7e-05,3.5e-05,0.5,120.18698644638062
18,2.152421161532402,1.2370636314153671,0.7102437391877174,0.6197880655527115,-0.09152266033925116,0.9428142830729485,0.7528999894857407,15.70285177230835,1.5691611766815186,1.0,0.0,0.6666666666666666,1.0,0.97265625,0.921875,0.97265625,0.984375,0.93359375,0.7528999894857407,0.8061637282371521,0.6996362656354904,0.9428142830729485,0.7885824218392372,0.8533873707056046,0.2616617754101753,0.22985203564167023,0.9659347981214523,0.9870169386267662,1.3636167496442795,0.08373176585882902,0.011492602061480284,0.03863739129155874,0.08883152715861797,0.6818083748221397,0.827019214630127,0.8461538461538461,0.9259259259259259,0.8416666666666667,0.8338624338624339,0.8461538461538461,0.8461538461538461,0.8461538461538461,0.809786319732666,0.8461538461538461,0.8338624338624339,0.8333333333333334,0.7983228393747518,0.15104166666666663,0.8338624338624339,7e-05,3.5e-05,0.5,118.75719714164734
19,2.049361363053322,1.1888290345668793,0.6826018169522285,0.5955614298582077,-0.11170252785086632,0.8940430581569672,0.7529280483722687,11.257692217826843,1.531721144914627,1.0,0.0,0.7222222222222222,1.0,0.9921875,0.94921875,0.9921875,1.0,0.9609375,0.7529280483722687,0.7897394597530365,0.7161166667938232,0.8940430581569672,0.7391481474041939,0.8302734419703484,0.2581416480243206,0.2291475385427475,0.9402570277452469,0.9173847883939743,1.2802678942680359,0.08260532561689615,0.01145737711340189,0.037610279861837626,0.08256463427096605,0.6401339471340179,0.7789875268936157,0.8846153846153846,0.8833333333333333,0.9249999999999999,0.8906685906685907,0.8846153846153846,0.8846153846153846,0.8846153846153846,0.7733187675476074,0.8846153846153846,0.8906685906685907,0.8854166666666666,0.8652095855485685,0.11458333333333337,0.8906685906685907,7e-05,3.5e-05,0.5,122.5810387134552
20,2.0451426804065704,1.1980391144752502,0.6766062304377556,0.6134504675865173,-0.14367807377129793,0.8902070000767708,0.7707922458648682,10.984580338001251,1.5699748694896698,1.0,0.0,0.7777777777777778,1.0,0.984375,0.95703125,0.984375,0.98046875,0.9609375,0.7707922458648682,0.7681351155042648,0.7734493613243103,0.8902070000767708,0.6382622048258781,0.7521365880966187,0.25424426794052124,0.22821337170898914,0.8581849411129951,0.8886724933981895,1.290561005473137,0.0813581645488739,0.011410668725147843,0.034327397122979164,0.07998052798211575,0.6452805027365685,0.8199126720428467,0.9230769230769231,0.9523809523809524,0.9333333333333332,0.9305555555555555,0.9230769230769231,0.9230769230769231,0.9230769230769231,0.7962946891784668,0.9230769230769231,0.9305555555555555,0.8333333333333334,0.8355912061794415,0.14713541666666663,0.9305555555555555,7e-05,3.5e-05,0.5,122.5456657409668
21,1.9871286153793335,1.1544198840856552,0.6552914530038834,0.5872099176049232,-0.140117016620934,0.8747438788414001,0.7704423815011978,9.51715636253357,1.524267703294754,1.0,0.0,0.8333333333333334,1.0,0.98828125,0.96484375,0.98828125,0.984375,0.96875,0.7704423815011978,0.8378470987081528,0.7030376493930817,0.8747438788414001,0.6739204972982407,0.7186186462640762,0.25076089799404144,0.22739155404269695,0.8768320009112358,0.8473391458392143,1.2623625695705414,0.08024348504841328,0.011369577958248556,0.03507327917031944,0.0762605257332325,0.6311812847852707,0.7869299650192261,0.9230769230769231,0.9166666666666665,0.9458333333333333,0.921885521885522,0.9230769230769231,0.9230769230769231,0.9230769230769231,0.7635811567306519,0.9230769230769231,0.921885521885522,0.84375,0.817961730146604,0.140625,0.921885521885522,7e-05,3.5e-05,0.5,121.58815860748291
22,2.0264560133218765,1.2016449570655823,0.6954854875802994,0.59548170119524,-0.1713103773072362,0.8762041330337524,0.7872354984283447,13.095180869102478,1.5721203684806824,1.0,0.0,0.8888888888888888,1.0,0.984375,0.94921875,0.984375,0.9921875,0.9375,0.7872354984283447,0.7777897268533707,0.7966812402009964,0.8762041330337524,0.6170041784644127,0.678669884800911,0.24827142991125584,0.22649513371288776,0.9008786231279373,0.8572760820388794,1.2638653069734573,0.07944685593247414,0.011324756778776646,0.03603514423593879,0.0771548505872488,0.6319326534867287,0.7398021817207336,0.9615384615384616,0.9722222222222222,0.9666666666666667,0.9663299663299664,0.9615384615384616,0.9615384615384616,0.9615384615384616,0.7560311555862427,0.8846153846153846,0.9091871091871092,0.9375,0.9356145431145432,0.0546875,0.9663299663299664,7e-05,3.5e-05,0.5,122.50752758979797
23,1.971549391746521,1.1597853749990463,0.6558745056390762,0.5928363054990768,-0.18232446070760489,0.8664613887667656,0.8486575782299042,11.099717319011688,1.5979068279266357,1.0,0.0,0.9444444444444444,1.0,0.9921875,0.96875,0.9921875,0.99609375,0.9453125,0.8486575782299042,0.8802954703569412,0.8170196861028671,0.8664613887667656,0.5966275408864021,0.6281092837452888,0.24455196782946587,0.225039416924119,0.8602231293916702,0.8348575681447983,1.2538446635007858,0.07825662847608328,0.0112519710091874,0.034408924635499716,0.07513718400150537,0.6269223317503929,0.6646702885627747,0.9230769230769231,0.9166666666666665,0.9458333333333333,0.921885521885522,0.9230769230769231,0.9230769230769231,0.9230769230769231,0.6644247770309448,0.9615384615384616,0.9663299663299664,0.9270833333333334,0.9189259705170989,0.06901041666666663,0.921885521885522,7e-05,3.5e-05,0.5,120.00117921829224
24,1.9354851692914963,1.1240927875041962,0.6315802931785583,0.5794264450669289,-0.14823264442384243,0.8558621853590012,0.8574966341257095,14.748351395130157,1.6272553503513336,0.875,0.0,1.0,1.0,0.9921875,0.96484375,0.9921875,0.98828125,0.953125,0.8574966341257095,0.8723910450935364,0.8426022231578827,0.8558621853590012,0.5701854377985001,0.6068811863660812,0.2422903459519148,0.22414787113666534,0.7982723563909531,0.7778121381998062,1.2479811310768127,0.07753290887922049,0.011207393719814718,0.031930893659591675,0.07000309508293867,0.6239905655384064,0.7660002708435059,0.9230769230769231,0.9523809523809524,0.9249999999999999,0.9298941798941799,0.9230769230769231,0.9230769230769231,0.9230769230769231,0.7741708755493164,0.9230769230769231,0.9298941798941799,0.9375,0.9401656314699793,0.05078125,0.9298941798941799,7e-05,3.5e-05,0.5,120.65447425842285
25,1.9309640526771545,1.1422596275806427,0.6511342152953148,0.5777946040034294,-0.09765339130535722,0.8180004879832268,0.8589916825294495,9.383758068084717,1.6201076209545135,1.0,0.0,1.0,1.0,0.99609375,0.96484375,0.99609375,0.99609375,0.9765625,0.8589916825294495,0.8961163759231567,0.821866974234581,0.8180004879832268,0.5518084689974785,0.5883956477046013,0.23909317702054977,0.22298690304160118,0.7864736914634705,0.7390184476971626,1.1849271357059479,0.07650981470942497,0.011149345431476831,0.0314589471090585,0.06651166407391429,0.5924635678529739,0.7943620681762695,0.9230769230769231,0.9388888888888888,0.9333333333333332,0.9246632996632997,0.9230769230769231,0.9230769230769231,0.9230769230769231,0.8122008442878723,0.9230769230769231,0.9246632996632997,0.8645833333333334,0.8530247317954501,0.13151041666666663,0.9246632996632997,7e-05,3.5e-05,0.5,119.76438736915588
26,1.9336134493350983,1.1360253244638443,0.6603086292743683,0.5596666783094406,-0.10656913369894028,0.8295588791370392,0.9008108675479889,10.41414999961853,1.6592722535133362,0.75,0.0,1.0,1.0,1.0,0.953125,1.0,0.99609375,0.97265625,0.9008108675479889,0.9068573713302612,0.8947643488645554,0.8295588791370392,0.5502201393246651,0.5526178739964962,0.23541511222720146,0.22095145285129547,0.7734364941716194,0.7338593080639839,1.215188667178154,0.07533283345401287,0.011047572828829288,0.030937458854168653,0.0660473401658237,0.607594333589077,0.6256564855575562,0.9230769230769231,0.9166666666666665,0.9458333333333333,0.921885521885522,0.9230769230769231,0.9230769230769231,0.9230769230769231,0.6232433319091797,0.9230769230769231,0.921885521885522,0.9479166666666666,0.9425063959478814,0.04817708333333337,0.921885521885522,7e-05,3.5e-05,0.5,121.40251612663269
27,1.8965447843074799,1.1138236224651337,0.6216466575860977,0.5790316984057426,-0.10406698705628514,0.8139412477612495,0.9744696468114853,6.618018478155136,1.672828048467636,0.75,0.0,1.0,1.0,0.98828125,0.9765625,0.98828125,0.99609375,0.98046875,0.9744696468114853,0.991817519068718,0.9571217596530914,0.8139412477612495,0.4841405004262924,0.49175412580370903,0.23344929702579975,0.22114896029233932,0.7688723430037498,0.7232726737856865,1.1963485777378082,0.07470377441495657,0.011057448224164546,0.030754893086850643,0.06509454222396016,0.5981742888689041,0.7205528020858765,0.9230769230769231,0.9388888888888888,0.9333333333333332,0.9246632996632997,0.9230769230769231,0.9230769230769231,0.9230769230769231,0.7749916315078735,0.8846153846153846,0.8987373737373737,0.9375,0.9451864264767491,0.05859375,0.9246632996632997,7e-05,3.5e-05,0.5,119.70842790603638
28,1.8983284085988998,1.1088072061538696,0.6083930656313896,0.5887224897742271,-0.07111740671098232,0.8108564093708992,0.9331524819135666,7.500992119312286,1.6105535328388214,0.875,0.0,1.0,1.0,0.98046875,0.98046875,0.98046875,0.9921875,0.95703125,0.9331524819135666,0.9381411522626877,0.9281638264656067,0.8108564093708992,0.5121099837124348,0.48381390795111656,0.2293523196130991,0.22114974446594715,0.7314748987555504,0.6954782605171204,1.1993935853242874,0.07339274231344461,0.011057487456128001,0.02925899508409202,0.0625930461101234,0.5996967926621437,0.6493468880653381,0.9615384615384616,0.9722222222222222,0.9666666666666667,0.9663299663299664,0.9615384615384616,0.9615384615384616,0.9615384615384616,0.6749153733253479,0.9230769230769231,0.9246632996632997,0.96875,0.9687160733672361,0.0234375,0.9663299663299664,7e-05,3.5e-05,0.5,121.10823607444763
29,1.832762211561203,1.07253909856081,0.5953739807009697,0.5613707080483437,-0.1104386281222105,0.7933546900749207,0.9660079479217529,7.478949129581451,1.6196353435516357,0.625,0.0,1.0,1.0,1.0,0.98046875,1.0,1.0,0.95703125,0.9660079479217529,0.9755835235118866,0.9564324170351028,0.7933546900749207,0.4616011418402195,0.466857697814703,0.22654464468359947,0.21986875124275684,0.7202671393752098,0.6498637497425079,1.1801449805498123,0.07249428518116474,0.010993437725119293,0.028810684802010655,0.05848773941397667,0.5900724902749062,0.598511815071106,0.9615384615384616,0.9722222222222222,0.9666666666666667,0.9663299663299664,0.9615384615384616,0.9615384615384616,0.9615384615384616,0.6115404367446899,0.9615384615384616,0.9663299663299664,0.9791666666666666,0.9803126107473933,0.02083333333333337,0.9663299663299664,3.5e-05,1.75e-05,0.5,120.19416975975037
30,1.8183766603469849,1.0777037739753723,0.5998104140162468,0.5622274652123451,-0.10263690771535039,0.7714639827609062,0.9801815897226334,6.215821862220764,1.6404763162136078,0.625,0.0,1.0,1.0,0.99609375,0.97265625,0.99609375,1.0,0.98046875,0.9801815897226334,0.9612910598516464,0.9990721344947815,0.7714639827609062,0.46693141758441925,0.45896025002002716,0.2237726915627718,0.21921386756002903,0.6967773213982582,0.6307924538850784,1.143694818019867,0.0716072591021657,0.01096069358754903,0.02787109208293259,0.05677132308483124,0.5718474090099335,0.6376010775566101,0.9615384615384616,0.9722222222222222,0.9666666666666667,0.9663299663299664,0.9615384615384616,0.9615384615384616,0.9615384615384616,0.676163911819458,0.9615384615384616,0.9663299663299664,0.9791666666666666,0.9803126107473933,0.02083333333333337,0.9663299663299664,3.5e-05,1.75e-05,0.5,119.81215524673462
31,1.762813150882721,1.0533037334680557,0.5767733976244926,0.5606239214539528,-0.17137769283726811,0.7609227076172829,0.9949473142623901,5.10471311211586,1.6921362578868866,0.5,0.0,1.0,1.0,1.0,0.9921875,1.0,1.0,0.98046875,0.9949473142623901,1.0427480936050415,0.9471465051174164,0.7609227076172829,0.47861505299806595,0.42361530289053917,0.22124234400689602,0.21790216863155365,0.6591236293315887,0.5964382961392403,1.1352151930332184,0.07079754862934351,0.010895108571276069,0.02636494440957904,0.053679448552429676,0.5676075965166092,0.6223043203353882,0.9615384615384616,0.9722222222222222,0.9666666666666667,0.9663299663299664,0.9615384615384616,0.9615384615384616,0.9615384615384616,0.6553126573562622,0.9615384615384616,0.9663299663299664,0.9791666666666666,0.9803126107473933,0.02083333333333337,0.9663299663299664,3.5e-05,1.75e-05,0.5,122.51650905609131
32,1.7939771562814713,1.0664255619049072,0.5803226307034492,0.5718857944011688,-0.13817167421802878,0.7690030857920647,0.9767667204141617,8.375073432922363,1.6536966264247894,0.875,0.0,1.0,1.0,0.98828125,0.984375,0.98828125,1.0,0.97265625,0.9767667204141617,1.002942144870758,0.9505912512540817,0.7690030857920647,0.496746726334095,0.45333027839660645,0.219861950725317,0.21880822628736496,0.6128247678279877,0.5708103850483894,1.1571364551782608,0.07035582326352596,0.01094041159376502,0.024512990145012736,0.051372936461120844,0.5785682275891304,0.6433746814727783,0.9615384615384616,0.9722222222222222,0.9666666666666667,0.9663299663299664,0.9615384615384616,0.9615384615384616,0.9615384615384616,0.6896716356277466,0.9230769230769231,0.9367003367003366,0.9791666666666666,0.9821182855329197,0.02083333333333337,0.9663299663299664,3.5e-05,1.75e-05,0.5,122.06715726852417
33,1.840431123971939,1.0879288911819458,0.6173084080219269,0.5536711513996124,-0.11553526995703578,0.7871628478169441,1.03142911195755,7.311395347118378,1.6850521266460419,0.75,0.0,1.0,1.0,0.99609375,0.98046875,0.99609375,1.0,0.98046875,1.03142911195755,1.0478186905384064,1.0150394886732101,0.7871628478169441,0.5293337367475033,0.4202350452542305,0.2188386395573616,0.21718808822333813,0.6420194134116173,0.592683233320713,1.1880358308553696,0.07002836372703314,0.010859404457733035,0.025680775986984372,0.05334149347618222,0.5940179154276848,0.6225757002830505,0.9615384615384616,0.9722222222222222,0.9666666666666667,0.9663299663299664,0.9615384615384616,0.9615384615384616,0.9615384615384616,0.6351428031921387,0.9615384615384616,0.9663299663299664,0.9895833333333334,0.991430454845089,0.01041666666666663,0.9663299663299664,3.5e-05,1.75e-05,0.5,123.78753924369812
34,1.7733606398105621,1.0575511455535889,0.591982938349247,0.5477272868156433,-0.16686496185138822,0.7658689692616463,0.9914311617612839,6.220582604408264,1.698789268732071,0.75,0.0,1.0,1.0,1.0,0.984375,1.0,0.9921875,0.98046875,0.9914311617612839,1.0345312058925629,0.9483311027288437,0.7658689692616463,0.4732889495790005,0.4216482676565647,0.21630976349115372,0.2165317628532648,0.6240177303552628,0.5710214674472809,1.1562956273555756,0.06921912264078856,0.010826588259078562,0.024960708571597934,0.05139193404465914,0.5781478136777878,0.605987548828125,0.9615384615384616,0.9722222222222222,0.9666666666666667,0.9663299663299664,0.9615384615384616,0.9615384615384616,0.9615384615384616,0.6133030652999878,0.9615384615384616,0.9663299663299664,0.9791666666666666,0.9803126107473933,0.01302083333333337,0.9663299663299664,3.5e-05,1.75e-05,0.5,120.17332243919373
35,1.767958790063858,1.0464524328708649,0.5789778679609299,0.5499700605869293,-0.13553482200950384,0.7621667981147766,1.0156225264072418,6.990042597055435,1.6524640917778015,0.75,0.0,1.0,1.0,1.0,0.984375,1.0,1.0,0.9921875,1.0156225264072418,1.0309576094150543,1.0002873837947845,0.7621667981147766,0.4749699868261814,0.4048781655728817,0.2162091787904501,0.21658883802592754,0.6192530691623688,0.5764272287487984,1.149414300918579,0.06918693613260984,0.010829442064277828,0.02477012248709798,0.05187845276668668,0.5747071504592896,0.6147736310958862,0.9230769230769231,0.9388888888888888,0.9333333333333332,0.9246632996632997,0.9230769230769231,0.9230769230769231,0.9230769230769231,0.6463003158569336,0.9230769230769231,0.9246632996632997,0.9895833333333334,0.991430454845089,0.01041666666666663,0.9246632996632997,3.5e-05,1.75e-05,0.5,124.15029811859131
36,1.7622199952602386,1.0591487884521484,0.576366476714611,0.5679791867733002,-0.1134973457083106,0.7371204197406769,0.9791125655174255,5.2518450319767,1.5989087522029877,0.375,0.0,1.0,1.0,1.0,0.98828125,1.0,0.99609375,0.9921875,0.9791125655174255,0.9997898638248444,0.9584352076053619,0.7371204197406769,0.4551944248378277,0.40560324117541313,0.21328261867165565,0.2157379761338234,0.5751586258411407,0.5457096472382545,1.111669883131981,0.06825043633580208,0.010786899016238749,0.023006344446912408,0.04911387013271451,0.5558349415659904,0.6291213035583496,0.9230769230769231,0.9388888888888888,0.9333333333333332,0.9246632996632997,0.9230769230769231,0.9230769230769231,0.9230769230769231,0.6550918221473694,0.8846153846153846,0.8800865800865801,0.9791666666666666,0.9803126107473933,0.01692708333333337,0.9246632996632997,1.75e-05,8.75e-06,0.5,122.38618731498718
37,1.7852249890565872,1.0775324553251266,0.5966328606009483,0.5657642111182213,-0.17500477191060781,0.7601939886808395,1.0416582822799683,8.219645857810974,1.6940824389457703,0.75,0.0,1.0,1.0,0.984375,0.984375,0.984375,0.98828125,0.9921875,1.0416582822799683,1.075745552778244,1.0075710117816925,0.7601939886808395,0.4759790413081646,0.47521378844976425,0.2122650183737278,0.2155791688710451,0.588048093020916,0.5353500619530678,1.1529900878667831,0.06792480498552322,0.0107789586763829,0.02352192346006632,0.04818150773644447,0.5764950439333916,0.6304435133934021,0.9615384615384616,0.9722222222222222,0.9666666666666667,0.9663299663299664,0.9615384615384616,0.9615384615384616,0.9615384615384616,0.6479358077049255,0.9230769230769231,0.9246632996632997,0.9791666666666666,0.9803126107473933,0.00911458333333337,0.9663299663299664,1.75e-05,8.75e-06,0.5,120.7731065750122
38,1.76762156188488,1.0650874972343445,0.5913488417863846,0.5573395788669586,-0.16010196413844824,0.7505646497011185,1.07892906665802,8.055697411298752,1.7492606043815613,0.5,0.0,1.0,1.0,0.99609375,0.984375,0.99609375,1.0,0.98828125,1.07892906665802,1.0583154410123825,1.099542647600174,0.7505646497011185,0.42526377737522125,0.44767777994275093,0.212246248498559,0.2153845876455307,0.569233812391758,0.5114567093551159,1.1450463980436325,0.06791879888623953,0.010769229498691857,0.02276935218833387,0.04603110533207655,0.5725231990218163,0.5537027716636658,1.0,1.0,1.0,1.0,1.0,1.0,1.0,0.5602346658706665,1.0,1.0,1.0,1.0,0.0,1.0,1.75e-05,8.75e-06,0.5,118.6387550830841
39,1.7266768515110016,1.0407062023878098,0.5763849914073944,0.5462602376937866,-0.17373820021748543,0.7380921319127083,1.0324327796697617,3.8709686994552612,1.702105849981308,0.125,0.0,1.0,1.0,1.0,0.9921875,1.0,1.0,0.99609375,1.0324327796697617,1.109170138835907,0.9556954205036163,0.7380921319127083,0.42904531955718994,0.40750062838196754,0.2112555168569088,0.21559759229421616,0.5585051402449608,0.5073095113039017,1.1248666495084763,0.06760176364332438,0.010779879754409194,0.022340205032378435,0.04565785778686404,0.5624333247542381,0.5317680835723877,1.0,1.0,1.0,1.0,1.0,1.0,1.0,0.5302149057388306,1.0,1.0,0.9895833333333334,0.9886885825379993,0.01041666666666663,1.0,1.75e-05,8.75e-06,0.5,123.94413876533508
40,1.739950105547905,1.050143912434578,0.5788180977106094,0.5545009300112724,-0.1818177867680788,0.7443515211343765,1.0160655230283737,4.880935609340668,1.6360865235328674,0.625,0.0,1.0,1.0,1.0,0.98828125,1.0,1.0,0.984375,1.0160655230283737,1.0063632279634476,1.0257677733898163,0.7443515211343765,0.4155621826648712,0.37048755399882793,0.20963018015027046,0.2153218761086464,0.5703862458467484,0.5101896598935127,1.1405190229415894,0.06708165630698204,0.010766093851998448,0.02281544916331768,0.045917071402072906,0.5702595114707947,0.5837103724479675,0.9615384615384616,0.9722222222222222,0.9666666666666667,0.9663299663299664,0.9615384615384616,0.9615384615384616,0.9615384615384616,0.5893417000770569,0.9615384615384616,0.9663299663299664,0.9583333333333334,0.9489469535981163,0.04166666666666663,0.9663299663299664,1.75e-05,8.75e-06,0.5,121.02455472946167
41,1.7425972819328308,1.0569410771131516,0.593060776591301,0.5457415208220482,-0.1987889278680086,0.7452928721904755,0.9862972348928452,6.200541734695435,1.6118358075618744,0.625,0.0,1.0,1.0,1.0,0.98046875,1.0,1.0,0.98828125,0.9862972348928452,0.9773429334163666,0.9952515214681625,0.7452928721904755,0.4327736236155033,0.4277045913040638,0.20914513990283012,0.21476158872246742,0.5563646629452705,0.49188005179166794,1.1419756561517715,0.06692644394934177,0.010738079552538693,0.022254585986956954,0.04426920600235462,0.5709878280758858,0.5610254406929016,0.9615384615384616,0.9722222222222222,0.9666666666666667,0.9663299663299664,0.9615384615384616,0.9615384615384616,0.9615384615384616,0.5658404231071472,0.9615384615384616,0.9663299663299664,0.9791666666666666,0.9803126107473933,0.02083333333333337,0.9663299663299664,1.75e-05,8.75e-06,0.5,121.33194184303284
42,1.7193118780851364,1.041121482849121,0.5759977325797081,0.5472043827176094,-0.19368443870916963,0.7362957298755646,1.0516886562108994,4.7206083834171295,1.6802051663398743,0.25,0.0,1.0,1.0,1.0,0.984375,1.0,1.0,0.984375,1.0516886562108994,1.0629280358552933,1.0404492616653442,0.7362957298755646,0.3975750505924225,0.38378680869936943,0.2086408380419016,0.21512467227876186,0.5256628841161728,0.47526755928993225,1.1352523416280746,0.06676506623625755,0.010756233823485672,0.021026514936238527,0.04277408216148615,0.5676261708140373,0.5905186533927917,0.9615384615384616,0.9722222222222222,0.9666666666666667,0.9663299663299664,0.9615384615384616,0.9615384615384616,0.9615384615384616,0.614403486251831,0.9615384615384616,0.9663299663299664,0.9895833333333334,0.991430454845089,0.01041666666666663,0.9663299663299664,1.75e-05,8.75e-06,0.5,123.10792946815491
43,1.7053123861551285,1.0276157557964325,0.5678978860378265,0.5408445224165916,-0.15711130388081074,0.7248300462961197,1.0463372468948364,4.349375903606415,1.6576662063598633,0.375,0.0,1.0,1.0,1.0,0.984375,1.0,0.99609375,0.9921875,1.0463372468948364,1.0699079930782318,1.0227664411067963,0.7248300462961197,0.42663533240556717,0.36747559905052185,0.20653102546930313,0.21452739834785461,0.5325712338089943,0.47198379412293434,1.1128769516944885,0.06608992628753185,0.010726370033808053,0.021302848821505904,0.042478542774915695,0.5564384758472443,0.5712430477142334,0.9615384615384616,0.9722222222222222,0.9666666666666667,0.9663299663299664,0.9615384615384616,0.9615384615384616,0.9615384615384616,0.5884208679199219,0.9615384615384616,0.9663299663299664,0.9895833333333334,0.991430454845089,0.00651041666666663,0.9663299663299664,1.75e-05,8.75e-06,0.5,123.91715550422668
44,1.738647773861885,1.047474704682827,0.5803190618753433,0.54959487169981,-0.16276855627074838,0.7400036454200745,0.9991914331912994,7.010429173707962,1.632173776626587,0.5,0.0,1.0,1.0,1.0,0.98046875,1.0,0.99609375,0.984375,0.9991914331912994,1.033817619085312,0.964565247297287,0.7400036454200745,0.416166041046381,0.4074568171054125,0.20622163452208042,0.21462290361523628,0.5338078215718269,0.4973357133567333,1.1366844922304153,0.06599092204123735,0.010731145390309393,0.021352312061935663,0.044760216027498245,0.5683422461152077,0.5937591195106506,0.9615384615384616,0.9722222222222222,0.9666666666666667,0.9663299663299664,0.9615384615384616,0.9615384615384616,0.9615384615384616,0.6222375631332397,0.9615384615384616,0.9663299663299664,0.9791666666666666,0.9803126107473933,0.01692708333333337,0.9663299663299664,1.75e-05,8.75e-06,0.5,121.28354358673096
45,1.7036342322826385,1.018435999751091,0.5564495995640755,0.5435134172439575,-0.12235870119184256,0.721905842423439,1.0891380906105042,3.433574229478836,1.7145264744758606,0.125,0.0,1.0,1.0,1.0,0.99609375,1.0,1.0,0.99609375,1.0891380906105042,1.1341723203659058,1.0441039055585861,0.721905842423439,0.4344990514218807,0.3428071402013302,0.20563052035868168,0.21439778245985508,0.519226498901844,0.4498991258442402,1.1138369888067245,0.06580176390707493,0.010719889192841947,0.020769059658050537,0.0404909229837358,0.5569184944033623,0.614395260810852,0.9615384615384616,0.9722222222222222,0.9666666666666667,0.9663299663299664,0.9615384615384616,0.9615384615384616,0.9615384615384616,0.653435468673706,0.9615384615384616,0.9663299663299664,0.9895833333333334,0.991430454845089,0.01041666666666663,0.9663299663299664,8.75e-06,4.375e-06,0.5,122.03406238555908
46,1.7259625047445297,1.0454968959093094,0.5734319910407066,0.5553705021739006,-0.17160523869097233,0.7319471836090088,1.0485354363918304,5.045640736818314,1.7480053901672363,0.5,0.0,1.0,1.0,1.0,0.99609375,1.0,0.98828125,0.98828125,1.0485354363918304,1.080013781785965,1.017057090997696,0.7319471836090088,0.4087694026529789,0.3852357417345047,0.20583250187337399,0.2137998454272747,0.5206938311457634,0.4792310819029808,1.1272841393947601,0.06586639862507582,0.01068999245762825,0.02082775253802538,0.04313079919666052,0.5636420696973801,0.5650655031204224,0.9615384615384616,0.9722222222222222,0.9666666666666667,0.9663299663299664,0.9615384615384616,0.9615384615384616,0.9615384615384616,0.5844148993492126,0.9615384615384616,0.9663299663299664,0.9895833333333334,0.991430454845089,-0.0013020833333333703,0.9663299663299664,8.75e-06,4.375e-06,0.5,121.69532918930054
47,1.696749359369278,1.0333602130413055,0.5677522793412209,0.547774001955986,-0.1997034102678299,0.7233001664280891,1.0230630934238434,5.045533716678619,1.645067572593689,0.5,0.0,1.0,1.0,1.0,0.984375,1.0,1.0,0.99609375,1.0230630934238434,1.0569292902946472,0.9891968220472336,0.7233001664280891,0.4118872210383415,0.4392244480550289,0.2040985655039549,0.2141907773911953,0.5192249119281769,0.43762224167585373,1.1146703660488129,0.06531153991818428,0.01070953905582428,0.02076899609528482,0.03938600327819586,0.5573351830244064,0.5635892748832703,0.9615384615384616,0.9722222222222222,0.9666666666666667,0.9663299663299664,0.9615384615384616,0.9615384615384616,0.9615384615384616,0.5814825892448425,0.9615384615384616,0.9663299663299664,0.9895833333333334,0.991430454845089,0.01041666666666663,0.9663299663299664,8.75e-06,4.375e-06,0.5,116.34121918678284
48,1.7120955288410187,1.0410028100013733,0.5709510073065758,0.5530020818114281,-0.16748198680579662,0.7213373109698296,1.0494734644889832,4.229797065258026,1.7430109083652496,0.375,0.0,1.0,1.0,1.0,0.9921875,1.0,1.0,0.99609375,1.0494734644889832,1.060056671500206,1.0388902425765991,0.7213373109698296,0.39605803042650223,0.38705413043498993,0.2037144973874092,0.21448486484587193,0.5138322487473488,0.44567765668034554,1.1147024780511856,0.06518863793462515,0.010724243591539562,0.02055328944697976,0.04011099087074399,0.5573512390255928,0.5601188540458679,0.9615384615384616,0.9722222222222222,0.9666666666666667,0.9663299663299664,0.9615384615384616,0.9615384615384616,0.9615384615384616,0.5777320861816406,0.9615384615384616,0.9663299663299664,0.9895833333333334,0.991430454845089,0.01041666666666663,0.9663299663299664,8.75e-06,4.375e-06,0.5,122.17268919944763
49,1.7036851048469543,1.0347684919834137,0.567353256046772,0.5499002486467361,-0.1964441193267703,0.7278498560190201,1.0086245834827423,5.42925950884819,1.6097992062568665,0.625,0.0,1.0,1.0,1.0,1.0,1.0,0.98828125,0.99609375,1.0086245834827423,1.011417418718338,1.0058317482471466,0.7278498560190201,0.38681798428297043,0.3857283927500248,0.20348230563104153,0.2141272034496069,0.5304171591997147,0.4667015001177788,1.1235404312610626,0.06511433608829975,0.010706360335461795,0.021216685883700848,0.04200313566252589,0.5617702156305313,0.5676232576370239,0.9615384615384616,0.9722222222222222,0.9666666666666667,0.9663299663299664,0.9615384615384616,0.9615384615384616,0.9615384615384616,0.5845630764961243,0.9615384615384616,0.9663299663299664,0.9895833333333334,0.991430454845089,-0.0013020833333333703,0.9663299663299664,8.75e-06,4.375e-06,0.5,123.65166783332825
50,1.6881971657276154,1.0139190703630447,0.5520491078495979,0.5433764085173607,-0.16701286938041449,0.7243819460272789,1.0573649555444717,4.64839243888855,1.6970560550689697,0.5,0.0,1.0,1.0,1.0,0.99609375,1.0,1.0,0.9921875,1.0573649555444717,1.01333487033844,1.1013951003551483,0.7243819460272789,0.42294783890247345,0.42244717851281166,0.20321964845061302,0.21467151306569576,0.5163704827427864,0.4497212544083595,1.1157990396022797,0.06503028608858585,0.010733575909398496,0.020654818741604686,0.040474914480000734,0.5578995198011398,0.5312613248825073,1.0,1.0,1.0,1.0,1.0,1.0,1.0,0.5368244647979736,1.0,1.0,1.0,1.0,0.0,1.0,8.75e-06,4.375e-06,0.5,123.57288861274719
51,1.6910972148180008,1.016945943236351,0.5591473430395126,0.5385865569114685,-0.18194198329001665,0.7287338748574257,1.1060651540756226,3.5786905586719513,1.735888034105301,0.0,0.0,1.0,1.0,1.0,0.99609375,1.0,1.0,0.99609375,1.1060651540756226,1.1031221151351929,1.1090082228183746,0.7287338748574257,0.4292682819068432,0.3820946551859379,0.2041125800460577,0.21456837467849255,0.5194553658366203,0.4562288410961628,1.1249058693647385,0.06531602423638105,0.010728418943472207,0.020778214326128364,0.04106059763580561,0.5624529346823692,0.5281224846839905,1.0,1.0,1.0,1.0,1.0,1.0,1.0,0.5318031907081604,1.0,1.0,1.0,1.0,0.0,1.0,8.75e-06,4.375e-06,0.5,120.73220920562744
52,1.7057553827762604,1.0445626080036163,0.5745090991258621,0.5530041009187698,-0.2145214658230543,0.7255492061376572,1.0764139592647552,5.063920110464096,1.7097760438919067,0.5,0.0,1.0,1.0,0.99609375,0.98828125,0.99609375,0.99609375,0.98046875,1.0764139592647552,1.0885672271251678,1.0642607510089874,0.7255492061376572,0.42457957193255424,0.3527272418141365,0.20268643274903297,0.21383513696491718,0.5006166882812977,0.4633778929710388,1.122126743197441,0.0648596566170454,0.010691757081076503,0.020024667028337717,0.04170401208102703,0.5610633715987206,0.5308507680892944,1.0,1.0,1.0,1.0,1.0,1.0,1.0,0.5369159579277039,1.0,1.0,0.9895833333333334,0.9886885825379993,0.00651041666666663,1.0,4.375e-06,2.1875e-06,0.5,123.02221775054932
53,1.706970676779747,1.036759838461876,0.5735851302742958,0.5449113920331001,-0.19592304062098265,0.7289877533912659,1.060240387916565,4.8396957218647,1.6318287253379822,0.375,0.0,1.0,1.0,1.0,0.984375,1.0,1.0,0.99609375,1.060240387916565,1.0194433480501175,1.1010374128818512,0.7289877533912659,0.397202230989933,0.4212302342057228,0.20252173021435738,0.21392115019261837,0.5204856023192406,0.45183559507131577,1.1267099529504776,0.06480695214122534,0.010696057812310755,0.02081942348740995,0.04066520510241389,0.5633549764752388,0.5206121206283569,1.0,1.0,1.0,1.0,1.0,1.0,1.0,0.5229033827781677,1.0,1.0,1.0,1.0,0.0,1.0,4.375e-06,2.1875e-06,0.5,118.43021273612976
54,1.6764369904994965,1.029303401708603,0.5638409554958344,0.5476028993725777,-0.20576275140047073,0.7088624015450478,1.075750321149826,4.626074939966202,1.7224067747592926,0.5,0.0,1.0,1.0,1.0,0.9921875,1.0,1.0,0.984375,1.075750321149826,1.0679350644350052,1.0835656374692917,0.7088624015450478,0.39600611850619316,0.34277160838246346,0.2026644591242075,0.21452312171459198,0.49667825922369957,0.4338175691664219,1.097031369805336,0.06485262606292963,0.010726156295277178,0.019867130322381854,0.03904358251020312,0.548515684902668,0.5292571187019348,1.0,1.0,1.0,1.0,1.0,1.0,1.0,0.5339910387992859,1.0,1.0,1.0,1.0,0.0,1.0,4.375e-06,2.1875e-06,0.5,119.66353559494019
55,1.7171094119548798,1.0425108671188354,0.5689299926161766,0.557153970003128,-0.19484727084636688,0.7330527454614639,1.0835629105567932,5.754649817943573,1.6717843413352966,0.5,0.0,1.0,1.0,0.9921875,0.99609375,0.9921875,0.99609375,0.98046875,1.0835629105567932,1.0835179388523102,1.0836079120635986,0.7330527454614639,0.4009444825351238,0.3552520200610161,0.20188947580754757,0.21407927572727203,0.4954454302787781,0.47812069579958916,1.136857196688652,0.06460462976247072,0.01070396404247731,0.019817816792055964,0.04303086409345269,0.568428598344326,0.5268622636795044,1.0,1.0,1.0,1.0,1.0,1.0,1.0,0.5294212698936462,1.0,1.0,1.0,1.0,-0.00390625,1.0,4.375e-06,2.1875e-06,0.5,121.91297721862793
56,1.7086015045642853,1.0324885696172714,0.558179959654808,0.5580101609230042,-0.14135966706089675,0.718520849943161,1.0834763944149017,4.877192199230194,1.6597817838191986,0.25,0.0,1.0,1.0,0.99609375,1.0,0.99609375,0.9921875,1.0,1.0834763944149017,1.067471832036972,1.099480926990509,0.718520849943161,0.35899559035897255,0.39424560219049454,0.20091338828206062,0.2138361781835556,0.5053921341896057,0.45382486656308174,1.1122267842292786,0.06429228279739618,0.010691809002310038,0.020215685246512294,0.040844238828867674,0.5561133921146393,0.5453700423240662,1.0,1.0,1.0,1.0,1.0,1.0,1.0,0.5585630536079407,0.9615384615384616,0.9663299663299664,0.9791666666666666,0.9803126107473933,0.01302083333333337,1.0,4.375e-06,2.1875e-06,0.5,122.4515233039856
57,1.67005455493927,1.0272540897130966,0.5655495896935463,0.5431817770004272,-0.19832326285541058,0.7022974491119385,1.0972438752651215,4.1003597676754,1.6882381439208984,0.125,0.0,1.0,1.0,1.0,0.99609375,1.0,1.0,0.99609375,1.0972438752651215,1.080678254365921,1.1138095259666443,0.7022974491119385,0.43896448239684105,0.35620715841650963,0.2014575246721506,0.2138780988752842,0.48493126779794693,0.42599068582057953,1.083139419555664,0.06446640659123659,0.010693905060179532,0.01939725037664175,0.03833916364237666,0.541569709777832,0.5268918871879578,1.0,1.0,1.0,1.0,1.0,1.0,1.0,0.5307101607322693,1.0,1.0,1.0,1.0,0.0,1.0,4.375e-06,2.1875e-06,0.5,121.30504155158997
58,1.6902404129505157,1.027918055653572,0.5610554814338684,0.5492500960826874,-0.17474687099456787,0.7147464081645012,1.0911472737789154,4.958006054162979,1.6726848185062408,0.5,0.0,1.0,1.0,0.99609375,0.9921875,0.99609375,1.0,0.9921875,1.0911472737789154,1.1305789649486542,1.0517155677080154,0.7147464081645012,0.4249205142259598,0.387931227684021,0.20113741606473923,0.21340418234467506,0.5118795819580555,0.4412635266780853,1.1021470576524734,0.06436397228389978,0.010670209303498268,0.020475182915106416,0.03971371939405799,0.5510735288262367,0.5268313884735107,1.0,1.0,1.0,1.0,1.0,1.0,1.0,0.5299990177154541,1.0,1.0,1.0,1.0,0.0,1.0,4.375e-06,2.1875e-06,0.5,121.82762694358826
59,1.6968303322792053,1.0275189280509949,0.5587273612618446,0.5515194535255432,-0.17055568471550941,0.7204781249165535,1.0691615045070648,4.073000907897949,1.66534885764122,0.125,0.0,1.0,1.0,1.0,1.0,1.0,1.0,1.0,1.0691615045070648,1.0443818271160126,1.0939412117004395,0.7204781249165535,0.3776416704058647,0.3837852329015732,0.20088700018823147,0.2133357636630535,0.5005701743066311,0.43956100195646286,1.1185885071754456,0.06428383849561214,0.010666788322851062,0.020022806245833635,0.03956049168482423,0.5592942535877228,0.5210598111152649,1.0,1.0,1.0,1.0,1.0,1.0,1.0,0.5232004523277283,1.0,1.0,1.0,1.0,0.0,1.0,2.1875e-06,1.09375e-06,0.5,120.15111303329468
60,1.698870375752449,1.0294733121991158,0.5654545649886131,0.5459043979644775,-0.1686300914734602,0.7199861034750938,1.0494745671749115,4.513479858636856,1.6400639414787292,0.25,0.0,1.0,1.0,1.0,0.9921875,1.0,1.0,0.9921875,1.0494745671749115,1.0226488262414932,1.0763003528118134,0.7199861034750938,0.40142667293548584,0.3937627114355564,0.20041080564260483,0.21337079256772995,0.4996928796172142,0.43621283024549484,1.1162152290344238,0.06413145549595356,0.010668539791367948,0.0199877149425447,0.039259156212210655,0.5581076145172119,0.5357857346534729,1.0,1.0,1.0,1.0,1.0,1.0,1.0,0.5426676869392395,1.0,1.0,1.0,1.0,0.0,1.0,2.1875e-06,1.09375e-06,0.5,120.63051629066467
