run,variant,domain,iteration,seed,target_raw_silhouette,target_translated_silhouette,target_silhouette_gain,source_target_raw_class_centroid_distance,source_target_translated_class_centroid_distance,class_centroid_alignment_gain,source_target_raw_coral,source_target_translated_coral,coral_alignment_gain,source_target_raw_prototype_diagonal,source_target_translated_prototype_diagonal,prototype_diagonal_gain,source_target_raw_prototype_margin,source_target_translated_prototype_margin,prototype_margin_gain,source_target_raw_prototype_top1,source_target_translated_prototype_top1,prototype_top1_gain,source_cycle_cosine_error,target_cycle_cosine_error,cycle_cosine_error,source_identity_cosine_error,target_identity_cosine_error,identity_cosine_error
module_c_full_逆光_20260830_023712/metrics_iter01,full,逆光,1,45,0.3121289531848961,0.3164843719159383,0.0043554187310422265,0.8273392228616608,0.8151659481227398,0.012173274738921047,0.004086443942459641,0.004125273620563653,-3.882967810401195e-05,0.17266076803207397,0.1848340630531311,0.012173295021057129,0.04950200766324997,0.05786241963505745,0.00836041197180748,0.6666666666666666,0.7777777777777778,0.11111111111111116,0.027615345615178463,0.029241396831948097,0.02842837122356328,0.022452789648424905,0.0235513078521122,0.023002048750268553
module_c_full_逆光_20260830_023712/metrics_iter02,full,逆光,2,46,0.3299096147849639,0.33731610453560507,0.007406489750641176,0.773980920513471,0.7580397646460268,0.015941155867444157,0.0017736000676960174,0.001874007316840942,-0.00010040724914492458,0.22601906955242157,0.24196022748947144,0.015941157937049866,0.05827994644641876,0.06990029662847519,0.011620350182056427,0.7777777777777778,0.7777777777777778,0.0,0.028847471118275972,0.03523721469210093,0.03204234290518845,0.023397133291787036,0.0287874622369602,0.02609229776437362
module_c_full_逆光_20260830_023712/metrics_iter03,full,逆光,3,47,0.3730281182559495,0.3864265739552304,0.013398455699280887,0.7225028971831003,0.7080323762363858,0.014470520946714527,0.003945960697245538,0.004038545684561091,-9.258498731555282e-05,0.2774970829486847,0.29196757078170776,0.014470487833023071,0.07604110240936279,0.10119692236185074,0.025155819952487946,0.8888888888888888,1.0,0.11111111111111116,0.025945863708791005,0.026317012026661746,0.026131437867726377,0.020960891283402863,0.02177476122424389,0.02136782625382338
module_c_full_雨天_20260830_023712/metrics_iter01,full,雨天,1,48,0.5569638953499514,0.5643364146765509,0.007372519326599547,0.8321341623862585,0.8091962387164434,0.022937923669815063,0.01288163699642433,0.013000417933535287,-0.00011878093711095716,0.1678658276796341,0.19080376625061035,0.022937938570976257,0.08935485035181046,0.10442179441452026,0.015066944062709808,1.0,1.0,0.0,0.033218189627825016,0.05001701200780039,0.041617600817812704,0.02039340381046882,0.032226413324430755,0.02630990856744979
module_c_full_雨天_20260830_023712/metrics_iter02,full,雨天,2,49,0.553925748519662,0.5751750271322718,0.021249278612609723,0.8226895475139221,0.820610411465168,0.0020791360487540933,0.023416870086319253,0.02353753308421729,-0.00012066299789803558,0.17731045186519623,0.17938955128192902,0.002079099416732788,0.04993830621242523,0.05389857292175293,0.003960266709327698,0.5,0.5,0.0,0.03419827413891367,0.052257459345991804,0.04322786674245274,0.020839093918656258,0.03152379304427401,0.026181443481465134
module_c_full_雨天_20260830_023712/metrics_iter03,full,雨天,3,50,0.4873136362052563,0.5116963082028311,0.024382671997574767,0.8688191988815864,0.8671011564632257,0.0017180424183607101,0.006168575182248408,0.00644248620129189,-0.000273911019043482,0.1311807781457901,0.13289882242679596,0.0017180442810058594,0.035584378987550735,0.04433383047580719,0.008749451488256454,0.5,0.5,0.0,0.03152614752045812,0.049451220307918375,0.04048868391418825,0.019065430563704244,0.029533609710298312,0.024299520137001276
module_c_full_黑天_20260830_023712/metrics_iter01,full,黑天,1,42,0.5704347607998809,0.5870482272697276,0.016613466469846738,0.41441842168569565,0.4062962532043457,0.008122168481349945,0.0012601037475587643,0.001300113571865149,-4.000982430638479e-05,0.5855816006660461,0.5937037467956543,0.008122146129608154,0.41019201278686523,0.4279668927192688,0.017774879932403564,1.0,1.0,0.0,0.008516505142314211,0.01037105540690265,0.00944378027460843,0.009380637589290163,0.013254931253011885,0.011317784421151025
module_c_full_黑天_20260830_023712/metrics_iter02,full,黑天,2,43,0.5357954690314826,0.5503392502718966,0.014543781240414,0.45048870891332626,0.44229602068662643,0.008192688226699829,0.0018027823332156458,0.0018441168067097472,-4.1334473494101425e-05,0.5495113134384155,0.557703971862793,0.008192658424377441,0.36552488803863525,0.38725316524505615,0.0217282772064209,1.0,1.0,0.0,0.010114545110903489,0.01372218364870497,0.01191836437980423,0.011617719202872996,0.017414584627745425,0.014516151915309212
module_c_full_黑天_20260830_023712/metrics_iter03,full,黑天,3,44,0.6103791848817559,0.6319726868271598,0.02159350194540388,0.3776479586958885,0.36508770287036896,0.012560255825519562,0.0015212673236143753,0.0015187600111947743,2.50731241960094e-06,0.6223520636558533,0.6349122524261475,0.01256018877029419,0.46850740909576416,0.4902999997138977,0.021792590618133545,1.0,1.0,0.0,0.005855635899076526,0.010522764871114913,0.00818920038509572,0.009478259036022167,0.014115119858943181,0.011796689447482675
module_c_no_classification_feedback_逆光_20260830_042021/metrics_iter01,no_classification_feedback,逆光,1,45,0.3521809903473758,0.3480266347190942,-0.004154355628281647,0.7765630591246817,0.7401408669021394,0.03642219222254228,0.0031651544184247704,0.0030639674002572457,0.00010118701816752475,0.22343693673610687,0.2598591446876526,0.036422207951545715,0.08239877223968506,0.09572161734104156,0.013322845101356506,0.7777777777777778,0.7777777777777778,0.0,0.00799753327568438,0.010104612620819573,0.009051072948251977,0.03893050653203185,0.038674571985066984,0.038802539258549415
module_c_no_classification_feedback_逆光_20260830_042021/metrics_iter02,no_classification_feedback,逆光,2,46,0.35315526745458625,0.3598138495816524,0.006658582127066159,0.7487960474358665,0.6940227134360207,0.05477333399984574,0.0028687567225523774,0.0027677158622841083,0.0001010408602682691,0.2512039542198181,0.3059772551059723,0.054773300886154175,0.08717658370733261,0.10805416852235794,0.02087758481502533,0.7777777777777778,0.8888888888888888,0.11111111111111105,0.007666844315719428,0.011177384546852735,0.009422114431286082,0.0426849229583242,0.04128138472721651,0.04198315384277035
module_c_no_classification_feedback_逆光_20260830_042021/metrics_iter03,no_classification_feedback,逆光,3,47,0.3918327175612056,0.3956792752203218,0.0038465576591162343,0.7446330876813995,0.6643778151936002,0.08025527248779929,0.0029575155199190583,0.002745148770212898,0.0002123667497061603,0.2553669214248657,0.3356221914291382,0.08025527000427246,0.08243756741285324,0.12140679359436035,0.03896922618150711,0.7777777777777778,1.0,0.2222222222222222,0.011355997138273627,0.010952024318924712,0.01115401072859917,0.035740712343950584,0.03438692954211327,0.035063820943031926
module_c_no_classification_feedback_雨天_20260830_042021/metrics_iter01,no_classification_feedback,雨天,1,48,0.5564987827148925,0.5533388803015591,-0.0031599024133334153,0.8469442017376423,0.8198745685319105,0.027069633205731747,0.0063668877456412,0.006324675831136693,4.221191450450631e-05,0.15305577218532562,0.1801254153251648,0.027069643139839172,0.09716585278511047,0.10487455129623413,0.007708698511123657,1.0,1.0,0.0,0.0031504513923314736,0.005357411899532858,0.004253931645932166,0.03975799573838225,0.0665653999529243,0.05316169784565328
module_c_no_classification_feedback_雨天_20260830_042021/metrics_iter02,no_classification_feedback,雨天,2,49,0.5428495991784611,0.5504502234885765,0.007600624310115434,0.8240256141871214,0.7719509800275167,0.05207463415960467,0.019238012720588605,0.019144153945833946,9.385877475465848e-05,0.17597438395023346,0.22804902493953705,0.05207464098930359,0.06076787784695625,0.0798802375793457,0.01911235973238945,0.6666666666666666,0.6666666666666666,0.0,0.0043497761539889,0.00700807697993515,0.005678926566962025,0.03640840917590012,0.04850136469748568,0.0424548869366929
module_c_no_classification_feedback_雨天_20260830_042021/metrics_iter03,no_classification_feedback,雨天,3,50,0.5789253272303501,0.5761486700521604,-0.0027766571781896454,0.837528665860494,0.8218490133682886,0.015679652492205376,0.004592414333690482,0.004560501361147103,3.1912972543378555e-05,0.16247133910655975,0.1781509667634964,0.015679627656936646,0.052058834582567215,0.07350676506757736,0.021447930485010147,0.8333333333333334,1.0,0.16666666666666663,0.004189561897349135,0.006112222994176604,0.00515089244576287,0.04033041575651845,0.05231016888854805,0.04632029232253325
module_c_no_classification_feedback_黑天_20260830_042021/metrics_iter01,no_classification_feedback,黑天,1,42,0.5842566614059049,0.5978301293025534,0.013573467896648483,0.3910418227314949,0.3203912749886513,0.07065054774284363,0.0010842792052078467,0.0008611226106346678,0.00022315659457317885,0.6089581847190857,0.6796087622642517,0.07065057754516602,0.47592970728874207,0.528031587600708,0.05210188031196594,1.0,1.0,0.0,0.0017659967509799895,0.0030900269532000515,0.0024280118520900204,0.00323359985646938,0.005440852167721614,0.004337226012095497
module_c_no_classification_feedback_黑天_20260830_042021/metrics_iter02,no_classification_feedback,黑天,2,43,0.555175937691503,0.5733523964452463,0.018176458753743296,0.40275461971759796,0.2990928366780281,0.10366178303956985,0.0010871849864336194,0.0008479819066839619,0.00023920307974965751,0.5972453355789185,0.7009072303771973,0.10366189479827881,0.4514481723308563,0.5084492564201355,0.057001084089279175,1.0,1.0,0.0,0.0018949956663505368,0.003019588252868784,0.0024572919596096603,0.0022215511253784095,0.0027491250231158077,0.0024853380742471086
module_c_no_classification_feedback_黑天_20260830_042021/metrics_iter03,no_classification_feedback,黑天,3,44,0.577923937503858,0.5967144517255262,0.01879051422166822,0.4338705614209175,0.33631540834903717,0.09755515307188034,0.0013971075374611518,0.0011145246506119907,0.00028258288684916114,0.5661293864250183,0.663684606552124,0.09755522012710571,0.4511355757713318,0.5321080088615417,0.08097243309020996,1.0,1.0,0.0,0.0029443848231554713,0.003614862117842523,0.003279623470498997,0.006895428929016453,0.006900750490915622,0.006898089709966037
module_c_no_cycle_逆光_20260830_025712/metrics_iter01,no_cycle,逆光,1,45,0.36510889205323976,0.3798984251939036,0.014789533140663835,0.760350474052959,0.7611166222227944,-0.0007661481698354455,0.0019437866290192925,0.0020378246108730055,-9.403798185371307e-05,0.23964953422546387,0.2388833910226822,-0.0007661432027816772,0.10374363511800766,0.11994169652462006,0.016198061406612396,0.8888888888888888,1.0,0.11111111111111116,0.062202496573765406,0.06516017652694518,0.0636813365503553,0.03077108730502051,0.029490151154809466,0.030130619229914987
module_c_no_cycle_逆光_20260830_025712/metrics_iter02,no_cycle,逆光,2,46,0.35279166893648856,0.3682372672821845,0.015445598345695921,0.7681005141801305,0.7432387553983264,0.024861758781804078,0.0025173997632661595,0.0026307840371357465,-0.00011338427386958696,0.23189949989318848,0.25676125288009644,0.02486175298690796,0.10059934109449387,0.1203593835234642,0.019760042428970337,0.8888888888888888,0.8888888888888888,0.0,0.055456112197662555,0.06909503951972916,0.06227557585869586,0.027316746435273553,0.03556665103523889,0.03144169873525622
module_c_no_cycle_逆光_20260830_025712/metrics_iter03,no_cycle,逆光,3,47,0.37120897580240975,0.38614480808983415,0.0149358322874244,0.6961663100454543,0.6899288561609056,0.0062374538845486605,0.003178003679891784,0.0033394361071716443,-0.00016143242727986035,0.30383366346359253,0.3100711703300476,0.006237506866455078,0.0889483392238617,0.11347144097089767,0.02452310174703598,0.8888888888888888,1.0,0.11111111111111116,0.054565200386883006,0.05392373069012268,0.054244465538502845,0.026679513033675037,0.026920726859216298,0.02680011994644567
module_c_no_cycle_雨天_20260830_025712/metrics_iter01,no_cycle,雨天,1,48,0.5174689197058079,0.5262496783812421,0.008780758675434264,0.8859853657583395,0.870671438674132,0.015313927084207535,0.03434808994204358,0.03446146177541163,-0.00011337183336804918,0.11401461809873581,0.12932853400707245,0.01531391590833664,0.0591445155441761,0.06429806351661682,0.00515354797244072,0.8333333333333334,0.8333333333333334,0.0,0.043582776645139584,0.07213458242039854,0.05785867953276906,0.021159800244587877,0.03669293162161748,0.028926365933102677
module_c_no_cycle_雨天_20260830_025712/metrics_iter02,no_cycle,雨天,2,49,0.5521282178787623,0.5770346233429056,0.024906405464143244,0.7773855191965898,0.7915246983369192,-0.014139179140329361,0.07139768969526775,0.07150022115658723,-0.00010253146131948554,0.22261446714401245,0.2084752917289734,-0.014139175415039062,0.04779572784900665,0.06297186762094498,0.015176139771938324,0.6666666666666666,0.6666666666666666,0.0,0.042524365029239716,0.0738311835757517,0.05817777430249571,0.02150375216753422,0.03356944556663759,0.027536598867085905
module_c_no_cycle_雨天_20260830_025712/metrics_iter03,no_cycle,雨天,3,50,0.5776511137129783,0.590380555226681,0.0127294415137027,0.859094658245643,0.8563632493217787,0.0027314089238643646,0.0035315414134964008,0.0036498566706340864,-0.00011831525713768562,0.14090536534786224,0.14363674819469452,0.0027313828468322754,0.05176514759659767,0.05503915622830391,0.003274008631706238,0.8333333333333334,0.8333333333333334,0.0,0.05815610676639623,0.082607958088515,0.07038203242745561,0.027755774410246768,0.04322782864745544,0.035491801528851105
module_c_no_cycle_黑天_20260830_025712/metrics_iter01,no_cycle,黑天,1,42,0.4960394453112069,0.5472094622893457,0.05117001697813883,0.49606039747595787,0.465389396995306,0.030671000480651855,0.0015292169452174808,0.0016569490831337948,-0.00012773213791631398,0.5039396286010742,0.5346106290817261,0.030671000480651855,0.3653290569782257,0.4016777276992798,0.03634867072105408,1.0,1.0,0.0,0.04989510705089652,0.06824728832910125,0.05907119768999888,0.02538026646613969,0.03836945857913151,0.0318748625226356
module_c_no_cycle_黑天_20260830_025712/metrics_iter02,no_cycle,黑天,2,43,0.5462633990329929,0.5938012820185474,0.0475378829855545,0.4493473693728447,0.43042687326669693,0.018920496106147766,0.0014066388976732036,0.001569860231793585,-0.0001632213341203814,0.5506526231765747,0.5695730447769165,0.018920421600341797,0.40381014347076416,0.4425196349620819,0.03870949149131775,1.0,1.0,0.0,0.05219249954490388,0.060230020540901194,0.05621126004290254,0.024260227896066158,0.03358258173959934,0.02892140481783275
module_c_no_cycle_黑天_20260830_025712/metrics_iter03,no_cycle,黑天,3,44,0.5384265857175549,0.594609538410983,0.0561829526934281,0.47983234748244286,0.4532838948071003,0.02654845267534256,0.003179636359616189,0.003236996575495227,-5.736021587903796e-05,0.5201677083969116,0.5467160940170288,0.026548385620117188,0.3856563866138458,0.43427419662475586,0.048617810010910034,1.0,1.0,0.0,0.050581018982164716,0.07167346935338677,0.06112724416777574,0.02398832004956724,0.040900934030834696,0.03244462704020097
module_c_no_identity_逆光_20260830_031740/metrics_iter01,no_identity,逆光,1,45,0.32590933248189113,0.33056538296992777,0.004656050488036634,0.8149327331533035,0.7988754229413139,0.01605731021198964,0.002394355719468044,0.002445360693583188,-5.100497411514391e-05,0.18506726622581482,0.20112457871437073,0.016057312488555908,0.06972430646419525,0.07191649824380875,0.002192191779613495,0.8888888888888888,1.0,0.11111111111111116,0.028489540451762524,0.028537489798168142,0.028513515124965333,0.025604860995875826,0.02651304983647226,0.02605895541617404
module_c_no_identity_逆光_20260830_031740/metrics_iter02,no_identity,逆光,2,46,0.30081638295319885,0.3137064357935015,0.012890052840302646,0.7409862577915192,0.7259321610132853,0.015054096778233883,0.0025634845971721065,0.002681561490314722,-0.00011807689314261537,0.2590137720108032,0.27406784892082214,0.015054076910018921,0.06735202670097351,0.08331269770860672,0.01596067100763321,0.7777777777777778,0.7777777777777778,0.0,0.026343936702153976,0.03247581873871976,0.02940987772043687,0.024977546533699626,0.030000386892280455,0.02748896671299004
module_c_no_identity_逆光_20260830_031740/metrics_iter03,no_identity,逆光,3,47,0.3709948066068138,0.38175757832173174,0.010762771714917962,0.728449876109759,0.7158263656828139,0.012623510426945095,0.003492050598564127,0.003610765466025506,-0.000118714867461379,0.27155011892318726,0.2841736376285553,0.012623518705368042,0.0864972174167633,0.10749299079179764,0.020995773375034332,0.7777777777777778,1.0,0.2222222222222222,0.028376033639439,0.027782614792981643,0.028079324216210323,0.02485656526496027,0.025231420436936946,0.025043992850948608
module_c_no_identity_雨天_20260830_031740/metrics_iter01,no_identity,雨天,1,48,0.5209427058103846,0.5240868547697777,0.0031441489593930783,0.9090856661399206,0.8937628741065661,0.015322792033354515,0.014843052255435715,0.014968228600244438,-0.00012517634480872265,0.09091433882713318,0.10623713582754135,0.015322797000408173,0.043704573065042496,0.04948832467198372,0.005783751606941223,1.0,1.0,0.0,0.031220343509295014,0.059627598320712474,0.04542397091500375,0.018290284990265568,0.03627713171013351,0.02728370835019954
module_c_no_identity_雨天_20260830_031740/metrics_iter02,no_identity,雨天,2,49,0.530006887903807,0.5449116363570119,0.014904748453204886,0.8017171869675318,0.8015958269437155,0.00012136002381635258,0.028447460915484366,0.02853863927965493,-9.117836417056255e-05,0.19828279316425323,0.19840417802333832,0.00012138485908508301,0.03847185894846916,0.05308994650840759,0.01461808755993843,0.5,0.6666666666666666,0.16666666666666663,0.03900901041662645,0.060774789595831186,0.04989190000622882,0.023333367312069288,0.03572875313896318,0.029531060225516235
module_c_no_identity_雨天_20260830_031740/metrics_iter03,no_identity,雨天,3,50,0.5678116006723919,0.5821912995557468,0.014379698883354886,0.8757655012110869,0.8701481831570467,0.005617318054040199,0.0032153912888758644,0.00334374326946476,-0.00012835198058889575,0.12423449754714966,0.1298518180847168,0.005617320537567139,0.053043052554130554,0.06134302541613579,0.008299972862005234,1.0,1.0,0.0,0.03880030367788607,0.05736253278071811,0.04808141822930209,0.023611762432054557,0.0360380346069105,0.02982489851948253
module_c_no_identity_黑天_20260830_031740/metrics_iter01,no_identity,黑天,1,42,0.5491123825762017,0.5658032418198194,0.016690859243617795,0.47084228321909904,0.46409742906689644,0.006744854152202606,0.0013671460914547917,0.0013998814078958499,-3.2735316441058135e-05,0.5291576385498047,0.5359025597572327,0.0067449212074279785,0.3774210512638092,0.3921051621437073,0.014684110879898071,1.0,1.0,0.0,0.012061042190910145,0.016196856695496645,0.014128949443203396,0.016679233438488362,0.023493605601501724,0.02008641951999504
module_c_no_identity_黑天_20260830_031740/metrics_iter02,no_identity,黑天,2,43,0.5316957850956087,0.5460556235463938,0.014359838450785145,0.4286622554063797,0.4065600149333477,0.022102240473031998,0.0020758034098414253,0.002076378670404711,-5.752605632858461e-07,0.5713376998901367,0.5934399962425232,0.022102296352386475,0.3800969123840332,0.39964011311531067,0.019543200731277466,1.0,1.0,0.0,0.009426736994969973,0.011911725665370148,0.01066923133017006,0.01659190408848313,0.023825820978521404,0.020208862533502268
module_c_no_identity_黑天_20260830_031740/metrics_iter03,no_identity,黑天,3,44,0.6100532712388876,0.6300219156324122,0.019968644393524526,0.3689042553305626,0.35588663816452026,0.013017617166042328,0.0013446511563576808,0.001336376212280326,8.274944077354875e-06,0.6310957074165344,0.6441133618354797,0.013017654418945312,0.4671638607978821,0.4859604835510254,0.01879662275314331,1.0,1.0,0.0,0.00647630440771672,0.009712923430801827,0.008094613919259273,0.01661743752093993,0.023532469742034864,0.020074953631487397
module_c_no_module_c_逆光_20260830_044351/metrics_iter01,no_module_c,逆光,1,45,0.3458705818845833,0.3383375480526136,-0.007533033831969682,0.8235167331165738,0.8425137847661972,-0.018997051649623398,0.0018362828379801604,0.0018356402350000595,6.426029801008797e-07,0.17648324370384216,0.157486230134964,-0.018997013568878174,0.07858903706073761,0.04955647513270378,-0.02903256192803383,0.8888888888888888,0.7777777777777778,-0.11111111111111105,0.13314619385844306,0.1354215982362567,0.1342838960473499,0.0675441734218,0.07480490728773852,0.07117454035476925
module_c_no_module_c_逆光_20260830_044351/metrics_iter02,no_module_c,逆光,2,46,0.34273482367401514,0.34532307128742057,0.0025882476134054255,0.8046317379921675,0.7941567699114481,0.010474968080719349,0.0020443580607353807,0.0020487663376580617,-4.408276922680983e-06,0.19536826014518738,0.2058432400226593,0.010474979877471924,0.046126239001750946,0.04046320915222168,-0.005663029849529266,0.7777777777777778,0.7777777777777778,0.0,0.12231166576112974,0.1560389863293093,0.1391753260452195,0.0634584983515385,0.08821322230277119,0.07583586032715484
module_c_no_module_c_逆光_20260830_044351/metrics_iter03,no_module_c,逆光,3,47,0.3601695678500194,0.3564350820113277,-0.0037344858386917368,0.8317071828577254,0.8518510692649417,-0.020143886407216316,0.002663544758018982,0.0026877430975161573,-2.419833949717518e-05,0.1682928204536438,0.14814895391464233,-0.020143866539001465,0.051792826503515244,0.03409136086702347,-0.017701465636491776,0.6666666666666666,0.6666666666666666,0.0,0.1140148919347213,0.12006016380931799,0.11703752787201964,0.05772732596793635,0.0651113804719513,0.06141935321994382
module_c_no_module_c_雨天_20260830_044351/metrics_iter01,no_module_c,雨天,1,48,0.4754886271111106,0.46845787704624176,-0.0070307500648688626,0.9440707533309857,0.9297268325462937,0.014343920784691933,0.01653033827185705,0.01654245924267014,-1.212097081309052e-05,0.05592925474047661,0.07027316838502884,0.01434391364455223,-0.009862001053988934,-0.01821831613779068,-0.008356315083801746,0.5,0.3333333333333333,-0.16666666666666669,0.09211514964974374,0.13133028928998033,0.11172271946986204,0.045436951320103454,0.07452384483656846,0.05998039807833595
module_c_no_module_c_雨天_20260830_044351/metrics_iter02,no_module_c,雨天,2,49,0.5557328223809207,0.5476235970743434,-0.008109225306577317,0.8080751895904541,0.8153676607956489,-0.007292471205194828,0.013577803754079866,0.013576445816770607,1.357937309258428e-06,0.1919248104095459,0.18463236093521118,-0.007292449474334717,0.04656875133514404,0.04410463199019432,-0.0024641193449497223,0.6666666666666666,0.6666666666666666,0.0,0.11080152530713697,0.14762338135188136,0.12921245332950915,0.05562291029566805,0.0818816549178048,0.06875228260673642
module_c_no_module_c_雨天_20260830_044351/metrics_iter03,no_module_c,雨天,3,50,0.5405420405058832,0.5340789851452328,-0.006463055360650394,0.8803959389527639,0.909613070388635,-0.029217131435871124,0.008146526155571519,0.008163926881415345,-1.7400725843826764e-05,0.11960405111312866,0.09038693457841873,-0.02921711653470993,0.042842965573072433,0.03468583524227142,-0.00815713033080101,1.0,0.8333333333333334,-0.16666666666666663,0.09492743130611353,0.13798299414736712,0.11645521272674032,0.04576759515591956,0.07915479668033722,0.06246119591812839
module_c_no_module_c_黑天_20260830_044351/metrics_iter01,no_module_c,黑天,1,42,0.4588238128163284,0.45562402569137805,-0.0031997871249503373,0.6296596843749285,0.6555750034749508,-0.025915319100022316,0.0011818972678170059,0.001168731465816212,1.3165802000793779e-05,0.3703402876853943,0.3444249629974365,-0.025915324687957764,0.21073442697525024,0.15119823813438416,-0.05953618884086609,1.0,0.875,-0.125,0.16305675428599678,0.20490627181560567,0.18398151305080124,0.09004752210710426,0.11931583323984904,0.10468167767347665
module_c_no_module_c_黑天_20260830_044351/metrics_iter02,no_module_c,黑天,2,43,0.49500765913505224,0.4888140031386853,-0.0061936559963669535,0.5672858320176601,0.6290344707667828,-0.06174863874912262,0.0017104729749222506,0.001735441249684023,-2.4968274761772357e-05,0.43271416425704956,0.37096551060676575,-0.061748653650283813,0.26081669330596924,0.18736673891544342,-0.07344995439052582,1.0,1.0,0.0,0.1423707549530288,0.16804443616792433,0.15520759556047659,0.088510798482085,0.1097353755028312,0.0991230869924581
module_c_no_module_c_黑天_20260830_044351/metrics_iter03,no_module_c,黑天,3,44,0.5583765992807357,0.5522116990156116,-0.0061649002651240625,0.5331999212503433,0.6103161759674549,-0.07711625471711159,0.0018189753697596832,0.0018389820628467303,-2.0006693087047103e-05,0.4668000638484955,0.3896838128566742,-0.07711625099182129,0.2972479462623596,0.22123020887374878,-0.07601773738861084,1.0,1.0,0.0,0.13671602594937185,0.16934214585162297,0.1530290859004974,0.08391437556049083,0.11046776872333067,0.09719107214191075
module_c_no_paired_contrastive_逆光_20260830_033814/metrics_iter01,no_paired_contrastive,逆光,1,45,0.41581129020629176,0.43266025710263195,0.01684896689634019,0.7311545775996314,0.7192826867103577,0.011871890889273762,0.0023108940694280483,0.002399287699975654,-8.839363054760586e-05,0.26884540915489197,0.28071728348731995,0.011871874332427979,0.12570641934871674,0.13537852466106415,0.009672105312347412,1.0,1.0,0.0,0.02012000045161981,0.01901425441991037,0.01956712743576509,0.02102555862124942,0.022219913198790277,0.021622735910019848
module_c_no_paired_contrastive_逆光_20260830_033814/metrics_iter02,no_paired_contrastive,逆光,2,46,0.32152888844317257,0.32608081962780694,0.004551931184634372,0.8000124299691783,0.7909208126366138,0.009091617332564472,0.0019839121048647068,0.002054205166203214,-7.029306133850711e-05,0.19998757541179657,0.20907917618751526,0.009091600775718689,0.05001009255647659,0.05690097063779831,0.006890878081321716,0.7777777777777778,0.7777777777777778,0.0,0.028192558200242853,0.033187099233332636,0.030689828716787743,0.022674134205514646,0.02841754534377491,0.02554583977464478
module_c_no_paired_contrastive_逆光_20260830_033814/metrics_iter03,no_paired_contrastive,逆光,3,47,0.35722968914488645,0.37208378877658227,0.014854099631695816,0.7493660325805346,0.739190485742357,0.010175546838177563,0.00336262245098709,0.003477170005877609,-0.00011454755489051895,0.25063395500183105,0.2608095109462738,0.010175555944442749,0.07675766199827194,0.09464801102876663,0.01789034903049469,0.8888888888888888,1.0,0.11111111111111116,0.026125463188167407,0.027208995079766863,0.026667229133967137,0.021758379280921024,0.02264094468674703,0.022199661983834027
module_c_no_paired_contrastive_雨天_20260830_033814/metrics_iter01,no_paired_contrastive,雨天,1,48,0.5624195265619008,0.5748074503379741,0.01238792377607334,0.8309909204641978,0.8101513609290123,0.02083955953518546,0.01246487537392336,0.012583053768963617,-0.00011817839504025748,0.16900907456874847,0.1898486614227295,0.020839586853981018,0.09446723014116287,0.10390444844961166,0.009437218308448792,1.0,1.0,0.0,0.03321071587623408,0.04919645646276808,0.04120358616950108,0.01988316922132373,0.03229859232166808,0.026090880771495906
module_c_no_paired_contrastive_雨天_20260830_033814/metrics_iter02,no_paired_contrastive,雨天,2,49,0.5257147457312237,0.5399712330305236,0.014256487299299958,0.8110213615000248,0.8129906977216402,-0.0019693362216154364,0.012044812418936542,0.012151927798622689,-0.00010711537968614675,0.18897859752178192,0.18700923025608063,-0.001969367265701294,0.016914526000618935,0.02946586348116398,0.012551337480545044,0.5,0.5,0.0,0.03641585767328273,0.056073912988229314,0.04624488533075602,0.02095477529280613,0.03273856294713987,0.026846669119973
module_c_no_paired_contrastive_雨天_20260830_033814/metrics_iter03,no_paired_contrastive,雨天,3,50,0.560772824984496,0.5724056690308061,0.011632844046310153,0.8804485607737055,0.8802253749842445,0.0002231857894610112,0.005246087745151944,0.005380445714316584,-0.00013435796916464078,0.1195514127612114,0.11977460980415344,0.00022319704294204712,0.05123767629265785,0.052099719643592834,0.0008620433509349823,0.8333333333333334,0.8333333333333334,0.0,0.035391810781241734,0.048313053148974494,0.041852431965108114,0.02215687047645726,0.029931282647783518,0.02604407656212039
module_c_no_paired_contrastive_黑天_20260830_033814/metrics_iter01,no_paired_contrastive,黑天,1,42,0.47238706207470205,0.4945448905114265,0.02215782843672448,0.6193700954318047,0.6074364557862282,0.011933639645576477,0.0019435269570763972,0.002011386226169747,-6.785926909334979e-05,0.38062992691993713,0.39256352186203003,0.011933594942092896,0.22891147434711456,0.24612727761268616,0.017215803265571594,1.0,1.0,0.0,0.015594230498937196,0.02121595021947107,0.018405090359204134,0.012233280054728147,0.020462492531631977,0.016347886293180063
module_c_no_paired_contrastive_黑天_20260830_033814/metrics_iter02,no_paired_contrastive,黑天,2,43,0.5260004449559906,0.538245094795828,0.012244649839837418,0.5113301761448383,0.5083786733448505,0.002951502799987793,0.0018000473811986297,0.0018525792682026717,-5.253188700404202e-05,0.48866984248161316,0.4916212856769562,0.0029514431953430176,0.3096614480018616,0.31968826055526733,0.010026812553405762,1.0,1.0,0.0,0.009240982761319001,0.011952418521680839,0.01059670064149992,0.010950769843741043,0.01666312490542324,0.013806947374582143
module_c_no_paired_contrastive_黑天_20260830_033814/metrics_iter03,no_paired_contrastive,黑天,3,44,0.6084304849617926,0.6217969398673484,0.013366454905555769,0.3964632675051689,0.3999997153878212,-0.0035364478826522827,0.0019163177176824459,0.0019419352880386917,-2.561757035624587e-05,0.6035367846488953,0.600000262260437,-0.003536522388458252,0.38082703948020935,0.38805243372917175,0.007225394248962402,1.0,1.0,0.0,0.004296726305151414,0.006974430434380031,0.005635578369765723,0.008056209032686484,0.011424568765167982,0.009740388898927234
module_c_no_prototype_contrastive_逆光_20260830_035925/metrics_iter01,no_prototype_contrastive,逆光,1,45,0.31032001699119377,0.31717399881962516,0.006853981828431388,0.8432949255737994,0.8396605451901754,0.0036343803836239585,0.0034938106240925077,0.0035816794960345944,-8.786887194208674e-05,0.1567050814628601,0.16033944487571716,0.0036343634128570557,0.04528380185365677,0.04662570729851723,0.0013419054448604584,0.7777777777777778,0.6666666666666666,-0.11111111111111116,0.027164835289389525,0.027314986959479728,0.027239911124434628,0.023426295043100127,0.022417761628759848,0.02292202833592999
module_c_no_prototype_contrastive_逆光_20260830_035925/metrics_iter02,no_prototype_contrastive,逆光,2,46,0.31816282641861976,0.33229880489676944,0.01413597847814968,0.7687552430563502,0.7611908407674896,0.007564402288860683,0.002954135288908374,0.0030843559488393448,-0.00013022065993097088,0.2312447726726532,0.23880916833877563,0.0075643956661224365,0.06791488081216812,0.07695683091878891,0.009041950106620789,0.7777777777777778,0.7777777777777778,0.0,0.023582165588038335,0.029535419410438392,0.026558792499238364,0.02179421135082773,0.026564550384845644,0.024179380867836685
module_c_no_prototype_contrastive_逆光_20260830_035925/metrics_iter03,no_prototype_contrastive,逆光,3,47,0.3735971348836255,0.3864125948000358,0.01281545991641031,0.7451356674234072,0.7444617367453046,0.0006739306781026189,0.0047541214533788016,0.0048960514572531635,-0.00014193000387436195,0.25486433506011963,0.2555382549762726,0.0006739199161529541,0.05453510582447052,0.07522499561309814,0.020689889788627625,0.8888888888888888,0.8888888888888888,0.0,0.024775124648231013,0.0248713150956452,0.024823219871938106,0.02028807593442926,0.0212610636899011,0.020774569812165182
module_c_no_prototype_contrastive_雨天_20260830_035925/metrics_iter01,no_prototype_contrastive,雨天,1,48,0.5352429871450535,0.5442542362456305,0.009011249100577046,0.8635870926082134,0.8569399130841097,0.0066471795241037634,0.00942013126123915,0.009605898334026529,-0.00018576707278737843,0.13641290366649628,0.14306005835533142,0.006647154688835144,0.07696230709552765,0.08542615175247192,0.008463844656944275,1.0,1.0,0.0,0.037645946579283524,0.050617961590417565,0.044131954084850544,0.022883456261753927,0.03256980280071266,0.027726629531233293
module_c_no_prototype_contrastive_雨天_20260830_035925/metrics_iter02,no_prototype_contrastive,雨天,2,49,0.5310918707482438,0.543470175914305,0.012378305166061199,0.8205386474728584,0.8258469806363186,-0.005308333163460133,0.01827168822781832,0.018381962859896114,-0.00011027463207779337,0.17946137487888336,0.17415302991867065,-0.0053083449602127075,0.013915352523326874,0.025474788621068,0.011559436097741127,0.5,0.5,0.0,0.03889941374394555,0.056547290839886084,0.04772335229191582,0.022960562549643234,0.03270656731085507,0.027833564930249154
module_c_no_prototype_contrastive_雨天_20260830_035925/metrics_iter03,no_prototype_contrastive,雨天,3,50,0.5784641352963795,0.5941947117242666,0.01573057642788711,0.8488872119536003,0.8468259411553541,0.00206127079824614,0.00479484417832973,0.004940658550296181,-0.00014581437196645088,0.15111279487609863,0.15317408740520477,0.00206129252910614,0.060657795518636703,0.07005420327186584,0.009396407753229141,1.0,1.0,0.0,0.02919087124315375,0.044796185707161845,0.0369935284751578,0.019379177624525366,0.029215725544177448,0.024297451584351405
module_c_no_prototype_contrastive_黑天_20260830_035925/metrics_iter01,no_prototype_contrastive,黑天,1,42,0.5771963391982824,0.5898161450957516,0.01261980589746925,0.39004309475421906,0.3925372436642647,-0.0024941489100456238,0.0014340764697115785,0.001437667080333719,-3.5906106221404548e-06,0.6099569201469421,0.6074627637863159,-0.0024941563606262207,0.41778433322906494,0.4297776222229004,0.01199328899383545,1.0,1.0,0.0,0.006131767094212268,0.00836953957958627,0.007250653336899269,0.00898191589795535,0.01274888351193288,0.010865399704944115
module_c_no_prototype_contrastive_黑天_20260830_035925/metrics_iter02,no_prototype_contrastive,黑天,2,43,0.513177706040519,0.5271746253517458,0.013996919311226708,0.5053778067231178,0.49846624955534935,0.006911557167768478,0.0027249948582292495,0.0027689012712371636,-4.390641300791413e-05,0.4946221709251404,0.5015337467193604,0.006911575794219971,0.3544059991836548,0.3762797713279724,0.021873772144317627,1.0,1.0,0.0,0.010205723684489323,0.013852022855801312,0.012028873270145318,0.01158481086867259,0.017330491458432615,0.014457651163552602
module_c_no_prototype_contrastive_黑天_20260830_035925/metrics_iter03,no_prototype_contrastive,黑天,3,44,0.599613543437165,0.6162155717448072,0.016602028307642236,0.42387670278549194,0.42118531465530396,0.0026913881301879883,0.001699528613464328,0.0017116680378558384,-1.2139424391510419e-05,0.5761233568191528,0.578814685344696,0.002691328525543213,0.40343165397644043,0.4159480333328247,0.012516379356384277,1.0,1.0,0.0,0.006106649882907287,0.009799592414306616,0.007953121148606952,0.008668766223638665,0.013113514331957796,0.01089114027779823
