run_dir,run,variant,domain,iteration,seed,metrics_path,epochs,best_epoch,best_val_acc,best_val_precision,best_val_recall,best_val_f1,best_val_correct,best_val_total,best_val_errors,best_val_acc_wilson_low,best_val_acc_wilson_high,best_train_full_acc,generalization_gap,feature_embeddings,result_path,best_train_acc_target_like,best_train_dual_d_generator_total,best_train_dual_d_cycle,best_train_acc_source_like,best_train_dual_d_classification_feedback,best_train_dual_d_identity,best_train_dual_d_contrastive,best_train_dual_d_adv_auxiliary,best_train_dual_d_prototype_contrastive,best_train_dual_d_adv_primary
runs/module_c_v13_ablation_60/module_c_20260830_203640/module_c_full_逆光_20260830_203641,module_c_full_逆光_20260830_203641/metrics_iter01,full,逆光,1,45,runs/module_c_v13_ablation_60/module_c_20260830_203640/module_c_full_逆光_20260830_203641/metrics_iter01.csv,60,53.0,0.972972972972973,0.9777777777777779,0.9814814814814815,0.9775533108866442,36.0,37.0,1.0,0.8617562156243666,0.9952131489450924,,,runs/module_c_v13_ablation_60/module_c_20260830_203640/module_c_full_逆光_20260830_203641/feature_embeddings_iter01.npz,runs/module_c_v13_ablation_60/module_c_20260830_203640/module_c_full_逆光_20260830_203641/result_summary_iter01.json,0.8680555555555556,0.5165995094511244,0.22928602165646023,0.9097222222222222,2.3113730218675403,0.20790927112102509,1.144448200861613,0.6563430296050178,1.312602334552341,0.7235303388701545
runs/module_c_v13_ablation_60/module_c_20260830_203640/module_c_full_逆光_20260830_203641,module_c_full_逆光_20260830_203641/metrics_iter02,full,逆光,2,46,runs/module_c_v13_ablation_60/module_c_20260830_203640/module_c_full_逆光_20260830_203641/metrics_iter02.csv,60,58.0,1.0,1.0,1.0,1.0,37.0,37.0,0.0,0.9059390425448564,1.0,,,runs/module_c_v13_ablation_60/module_c_20260830_203640/module_c_full_逆光_20260830_203641/feature_embeddings_iter02.npz,runs/module_c_v13_ablation_60/module_c_20260830_203640/module_c_full_逆光_20260830_203641/result_summary_iter02.json,0.8958333333333334,0.5180118746227689,0.23222973114914364,0.9375,2.3301470279693604,0.22001291977034676,1.1210831602414448,0.8629981610510085,1.268267273902893,0.5571681989563836
runs/module_c_v13_ablation_60/module_c_20260830_203640/module_c_full_逆光_20260830_203641,module_c_full_逆光_20260830_203641/metrics_iter03,full,逆光,3,47,runs/module_c_v13_ablation_60/module_c_20260830_203640/module_c_full_逆光_20260830_203641/metrics_iter03.csv,60,60.0,0.972972972972973,0.9777777777777779,0.9814814814814815,0.9775533108866442,36.0,37.0,1.0,0.8617562156243666,0.9952131489450924,1.0,0.027027027027026973,runs/module_c_v13_ablation_60/module_c_20260830_203640/module_c_full_逆光_20260830_203641/feature_embeddings_iter03.npz,runs/module_c_v13_ablation_60/module_c_20260830_203640/module_c_full_逆光_20260830_203641/result_summary_iter03.json,0.9097222222222222,0.48120134737756515,0.22865421242184109,0.9305555555555556,2.2160101201799183,0.21271483931276533,1.000088267856174,0.52780591779285,1.1289243499437969,0.5618998408317566
runs/module_c_v13_ablation_60/module_c_20260830_203640/module_c_full_雨天_20260830_203641,module_c_full_雨天_20260830_203641/metrics_iter01,full,雨天,1,51,runs/module_c_v13_ablation_60/module_c_20260830_203640/module_c_full_雨天_20260830_203641/metrics_iter01.csv,60,52.0,0.9615384615384616,0.9444444444444443,0.9791666666666666,0.9555555555555556,25.0,26.0,1.0,0.811068230080416,0.9931781910230102,,,runs/module_c_v13_ablation_60/module_c_20260830_203640/module_c_full_雨天_20260830_203641/feature_embeddings_iter01.npz,runs/module_c_v13_ablation_60/module_c_20260830_203640/module_c_full_雨天_20260830_203641/result_summary_iter01.json,0.9479166666666666,1.1614217559496562,0.27635176479816437,0.9791666666666666,1.7664479613304138,0.2303775226076444,0.9304107228914896,0.4022155851125717,0.9537345369656881,0.8510353863239288
runs/module_c_v13_ablation_60/module_c_20260830_203640/module_c_full_雨天_20260830_203641,module_c_full_雨天_20260830_203641/metrics_iter02,full,雨天,2,52,runs/module_c_v13_ablation_60/module_c_20260830_203640/module_c_full_雨天_20260830_203641/metrics_iter02.csv,60,50.0,1.0,1.0,1.0,1.0,26.0,26.0,0.0,0.8712669561953784,1.0,0.9895833333333334,-0.01041666666666663,runs/module_c_v13_ablation_60/module_c_20260830_203640/module_c_full_雨天_20260830_203641/feature_embeddings_iter02.npz,runs/module_c_v13_ablation_60/module_c_20260830_203640/module_c_full_雨天_20260830_203641/result_summary_iter02.json,0.9479166666666666,1.2217281460762024,0.27698931594689685,0.9479166666666666,1.863293429215749,0.23796143879493079,1.00365615884463,0.7272442082564036,1.0960633059342701,0.42435339093208313
runs/module_c_v13_ablation_60/module_c_20260830_203640/module_c_full_雨天_20260830_203641,module_c_full_雨天_20260830_203641/metrics_iter03,full,雨天,3,53,runs/module_c_v13_ablation_60/module_c_20260830_203640/module_c_full_雨天_20260830_203641/metrics_iter03.csv,60,51.0,1.0,1.0,1.0,1.0,26.0,26.0,0.0,0.8712669561953784,1.0,,,runs/module_c_v13_ablation_60/module_c_20260830_203640/module_c_full_雨天_20260830_203641/feature_embeddings_iter03.npz,runs/module_c_v13_ablation_60/module_c_20260830_203640/module_c_full_雨天_20260830_203641/result_summary_iter03.json,0.9479166666666666,1.1979416410128276,0.2928057511647542,1.0,1.8005234797795613,0.2355854610602061,0.9418074687321981,0.9769371946652731,0.9795049826304117,0.9412324031194051
runs/module_c_v13_ablation_60/module_c_20260830_203640/module_c_full_雾天_20260830_203641,module_c_full_雾天_20260830_203641/metrics_iter01,full,雾天,1,48,runs/module_c_v13_ablation_60/module_c_20260830_203640/module_c_full_雾天_20260830_203641/metrics_iter01.csv,60,46.0,0.9772727272727273,0.972934472934473,0.9764550264550265,0.9730040957159601,129.0,132.0,3.0,0.9353097558813885,0.9922411563575722,,,runs/module_c_v13_ablation_60/module_c_20260830_203640/module_c_full_雾天_20260830_203641/feature_embeddings_iter01.npz,runs/module_c_v13_ablation_60/module_c_20260830_203640/module_c_full_雾天_20260830_203641/result_summary_iter01.json,0.9692028985507246,1.1788922349611919,0.23266162474950156,0.9601449275362319,1.8656741380691528,0.22141041109959284,1.2123013337453206,0.5687672992547353,1.0905576546986897,0.7628738979498545
runs/module_c_v13_ablation_60/module_c_20260830_203640/module_c_full_雾天_20260830_203641,module_c_full_雾天_20260830_203641/metrics_iter02,full,雾天,2,49,runs/module_c_v13_ablation_60/module_c_20260830_203640/module_c_full_雾天_20260830_203641/metrics_iter02.csv,60,51.0,0.9696969696969697,0.9767724867724866,0.967908017908018,0.9709529722362653,128.0,132.0,4.0,0.9246737507380807,0.9881541311478805,,,runs/module_c_v13_ablation_60/module_c_20260830_203640/module_c_full_雾天_20260830_203641/feature_embeddings_iter02.npz,runs/module_c_v13_ablation_60/module_c_20260830_203640/module_c_full_雾天_20260830_203641/result_summary_iter02.json,0.9637681159420289,1.1652216116587322,0.22290133188168207,0.9619565217391305,1.8759169777234395,0.21555829793214798,1.2128829956054688,0.5081173380215963,1.0417697032292683,0.4671758512655894
runs/module_c_v13_ablation_60/module_c_20260830_203640/module_c_full_雾天_20260830_203641,module_c_full_雾天_20260830_203641/metrics_iter03,full,雾天,3,50,runs/module_c_v13_ablation_60/module_c_20260830_203640/module_c_full_雾天_20260830_203641/metrics_iter03.csv,60,48.0,0.9696969696969697,0.9648677248677247,0.9542328042328043,0.9576737822904087,128.0,132.0,4.0,0.9246737507380807,0.9881541311478805,,,runs/module_c_v13_ablation_60/module_c_20260830_203640/module_c_full_雾天_20260830_203641/feature_embeddings_iter03.npz,runs/module_c_v13_ablation_60/module_c_20260830_203640/module_c_full_雾天_20260830_203641/result_summary_iter03.json,0.9692028985507246,1.1751591563224792,0.21993984282016754,0.967391304347826,1.8887657324473064,0.20816749582688013,1.186926821867625,0.4592895756165187,1.0739148457845051,0.6285739143689474
runs/module_c_v13_ablation_60/module_c_20260830_203640/module_c_full_黑天_20260830_203641,module_c_full_黑天_20260830_203641/metrics_iter01,full,黑天,1,42,runs/module_c_v13_ablation_60/module_c_20260830_203640/module_c_full_黑天_20260830_203641/metrics_iter01.csv,58,43.0,0.9916666666666667,0.9791666666666667,0.9886363636363636,0.9826839826839827,119.0,120.0,1.0,0.9543025846256777,0.9985274821693252,,,runs/module_c_v13_ablation_60/module_c_20260830_203640/module_c_full_黑天_20260830_203641/feature_embeddings_iter01.npz,runs/module_c_v13_ablation_60/module_c_20260830_203640/module_c_full_黑天_20260830_203641/result_summary_iter01.json,0.9958333333333333,0.8856257557868957,0.16834746102492015,0.99375,1.2537320892016093,0.15899986724058787,0.3057599107424418,0.4403387020031611,0.322749537229538,0.42516960004965465
runs/module_c_v13_ablation_60/module_c_20260830_203640/module_c_full_黑天_20260830_203641,module_c_full_黑天_20260830_203641/metrics_iter02,full,黑天,2,43,runs/module_c_v13_ablation_60/module_c_20260830_203640/module_c_full_黑天_20260830_203641/metrics_iter02.csv,56,41.0,0.9833333333333333,0.984006734006734,0.9855875831485588,0.9847346631937827,118.0,120.0,2.0,0.9412628731870861,0.9954175314588486,,,runs/module_c_v13_ablation_60/module_c_20260830_203640/module_c_full_黑天_20260830_203641/feature_embeddings_iter02.npz,runs/module_c_v13_ablation_60/module_c_20260830_203640/module_c_full_黑天_20260830_203641/result_summary_iter02.json,1.0,0.8991088926792145,0.15678086976210276,0.9979166666666667,1.2638800223668416,0.14888130774100622,0.40332385698954265,0.3837235927581787,0.40220876336097716,0.5288020859162013
runs/module_c_v13_ablation_60/module_c_20260830_203640/module_c_full_黑天_20260830_203641,module_c_full_黑天_20260830_203641/metrics_iter03,full,黑天,3,44,runs/module_c_v13_ablation_60/module_c_20260830_203640/module_c_full_黑天_20260830_203641/metrics_iter03.csv,58,43.0,0.9833333333333333,0.984006734006734,0.9855875831485588,0.9847346631937827,118.0,120.0,2.0,0.9412628731870861,0.9954175314588486,,,runs/module_c_v13_ablation_60/module_c_20260830_203640/module_c_full_黑天_20260830_203641/feature_embeddings_iter03.npz,runs/module_c_v13_ablation_60/module_c_20260830_203640/module_c_full_黑天_20260830_203641/result_summary_iter03.json,0.9979166666666667,0.891751370827357,0.15364089359839758,0.9958333333333333,1.2529157201449077,0.15747646242380142,0.3667335649331411,0.5122997899850209,0.39131009578704834,0.4888703684012095
runs/module_c_v13_ablation_60/module_c_20260830_203640/module_c_no_classification_feedback_逆光_20260830_232057,module_c_no_classification_feedback_逆光_20260830_232057/metrics_iter01,no_classification_feedback,逆光,1,45,runs/module_c_v13_ablation_60/module_c_20260830_203640/module_c_no_classification_feedback_逆光_20260830_232057/metrics_iter01.csv,60,50.0,0.9459459459459459,0.961904761904762,0.9675925925925927,0.9615988949322283,35.0,37.0,2.0,0.822950349364601,0.9850493372294601,0.9848484848484849,0.03890253890253892,runs/module_c_v13_ablation_60/module_c_20260830_203640/module_c_no_classification_feedback_逆光_20260830_232057/feature_embeddings_iter01.npz,runs/module_c_v13_ablation_60/module_c_20260830_203640/module_c_no_classification_feedback_逆光_20260830_232057/result_summary_iter01.json,0.8541666666666666,0.15220494071642557,0.13594920270972782,0.9097222222222222,2.3006924788157144,0.28878752721680534,1.2453135119544134,0.4048657715320587,1.3215952581829495,0.5161512957678901
runs/module_c_v13_ablation_60/module_c_20260830_203640/module_c_no_classification_feedback_逆光_20260830_232057,module_c_no_classification_feedback_逆光_20260830_232057/metrics_iter02,no_classification_feedback,逆光,2,46,runs/module_c_v13_ablation_60/module_c_20260830_203640/module_c_no_classification_feedback_逆光_20260830_232057/metrics_iter02.csv,60,48.0,1.0,1.0,1.0,1.0,37.0,37.0,0.0,0.9059390425448564,1.0,,,runs/module_c_v13_ablation_60/module_c_20260830_203640/module_c_no_classification_feedback_逆光_20260830_232057/feature_embeddings_iter02.npz,runs/module_c_v13_ablation_60/module_c_20260830_203640/module_c_no_classification_feedback_逆光_20260830_232057/result_summary_iter02.json,0.8263888888888888,0.15730134646097818,0.13088580303721958,0.8333333333333334,2.5574165980021157,0.2995746235052745,1.201607432630327,0.5575542449951172,1.4114062786102295,0.3980972402625614
runs/module_c_v13_ablation_60/module_c_20260830_203640/module_c_no_classification_feedback_逆光_20260830_232057,module_c_no_classification_feedback_逆光_20260830_232057/metrics_iter03,no_classification_feedback,逆光,3,47,runs/module_c_v13_ablation_60/module_c_20260830_203640/module_c_no_classification_feedback_逆光_20260830_232057/metrics_iter03.csv,60,50.0,0.972972972972973,0.9777777777777779,0.9814814814814815,0.9775533108866442,36.0,37.0,1.0,0.8617562156243666,0.9952131489450924,0.9924242424242424,0.019451269451269404,runs/module_c_v13_ablation_60/module_c_20260830_203640/module_c_no_classification_feedback_逆光_20260830_232057/feature_embeddings_iter03.npz,runs/module_c_v13_ablation_60/module_c_20260830_203640/module_c_no_classification_feedback_逆光_20260830_232057/result_summary_iter03.json,0.8611111111111112,0.13638848728603786,0.13958686259057787,0.875,2.294812414381239,0.2760537134276496,1.128932038942973,0.27658561368783313,1.1883898311191134,0.4223913119898902
runs/module_c_v13_ablation_60/module_c_20260830_203640/module_c_no_classification_feedback_雨天_20260830_232057,module_c_no_classification_feedback_雨天_20260830_232057/metrics_iter01,no_classification_feedback,雨天,1,51,runs/module_c_v13_ablation_60/module_c_20260830_203640/module_c_no_classification_feedback_雨天_20260830_232057/metrics_iter01.csv,55,40.0,0.9230769230769231,0.9166666666666666,0.9583333333333334,0.9206349206349206,24.0,26.0,2.0,0.7585805251948495,0.9786453608166245,0.9375,0.014423076923076872,runs/module_c_v13_ablation_60/module_c_20260830_203640/module_c_no_classification_feedback_雨天_20260830_232057/feature_embeddings_iter01.npz,runs/module_c_v13_ablation_60/module_c_20260830_203640/module_c_no_classification_feedback_雨天_20260830_232057/result_summary_iter01.json,0.8854166666666666,0.08564893901348114,0.12348115692536037,0.96875,1.9265770713488262,0.2855441669623057,1.165332317352295,0.22016684214274088,1.1590706904729207,0.6384946405887604
runs/module_c_v13_ablation_60/module_c_20260830_203640/module_c_no_classification_feedback_雨天_20260830_232057,module_c_no_classification_feedback_雨天_20260830_232057/metrics_iter02,no_classification_feedback,雨天,2,52,runs/module_c_v13_ablation_60/module_c_20260830_203640/module_c_no_classification_feedback_雨天_20260830_232057/metrics_iter02.csv,60,49.0,0.9615384615384616,0.9722222222222222,0.9666666666666667,0.9663299663299664,25.0,26.0,1.0,0.811068230080416,0.9931781910230102,,,runs/module_c_v13_ablation_60/module_c_20260830_203640/module_c_no_classification_feedback_雨天_20260830_232057/feature_embeddings_iter02.npz,runs/module_c_v13_ablation_60/module_c_20260830_203640/module_c_no_classification_feedback_雨天_20260830_232057/result_summary_iter02.json,0.8854166666666666,0.07768970479567845,0.12092495833834012,0.9270833333333334,1.9381082852681477,0.29229913651943207,1.039090762535731,0.33545424540837604,1.1117116808891296,0.32546018064022064
runs/module_c_v13_ablation_60/module_c_20260830_203640/module_c_no_classification_feedback_雨天_20260830_232057,module_c_no_classification_feedback_雨天_20260830_232057/metrics_iter03,no_classification_feedback,雨天,3,53,runs/module_c_v13_ablation_60/module_c_20260830_203640/module_c_no_classification_feedback_雨天_20260830_232057/metrics_iter03.csv,60,54.0,1.0,1.0,1.0,1.0,26.0,26.0,0.0,0.8712669561953784,1.0,,,runs/module_c_v13_ablation_60/module_c_20260830_203640/module_c_no_classification_feedback_雨天_20260830_232057/feature_embeddings_iter03.npz,runs/module_c_v13_ablation_60/module_c_20260830_203640/module_c_no_classification_feedback_雨天_20260830_232057/result_summary_iter03.json,0.96875,0.08510225887099902,0.12196652591228485,0.9791666666666666,1.8116389314333599,0.31496913731098175,0.9990160167217255,0.4818497399489085,1.1114316781361897,0.5654089450836182
runs/module_c_v13_ablation_60/module_c_20260830_203640/module_c_no_classification_feedback_雾天_20260830_232057,module_c_no_classification_feedback_雾天_20260830_232057/metrics_iter01,no_classification_feedback,雾天,1,48,runs/module_c_v13_ablation_60/module_c_20260830_203640/module_c_no_classification_feedback_雾天_20260830_232057/metrics_iter01.csv,60,49.0,0.9621212121212122,0.9651851851851853,0.9632783882783884,0.9625179235756528,127.0,132.0,5.0,0.9143907904747873,0.9837140610581746,,,runs/module_c_v13_ablation_60/module_c_20260830_203640/module_c_no_classification_feedback_雾天_20260830_232057/feature_embeddings_iter01.npz,runs/module_c_v13_ablation_60/module_c_20260830_203640/module_c_no_classification_feedback_雾天_20260830_232057/result_summary_iter01.json,0.9619565217391305,0.19737608730793,0.1024782545864582,0.9202898550724637,1.949878950913747,0.34680045147736865,1.241599440574646,0.35493039588133496,1.0991512338320415,0.5487830440203348
runs/module_c_v13_ablation_60/module_c_20260830_203640/module_c_no_classification_feedback_雾天_20260830_232057,module_c_no_classification_feedback_雾天_20260830_232057/metrics_iter02,no_classification_feedback,雾天,2,49,runs/module_c_v13_ablation_60/module_c_20260830_203640/module_c_no_classification_feedback_雾天_20260830_232057/metrics_iter02.csv,60,56.0,0.9772727272727273,0.9732056194125158,0.9670329670329669,0.9678758306577855,129.0,132.0,3.0,0.9353097558813885,0.9922411563575722,,,runs/module_c_v13_ablation_60/module_c_20260830_203640/module_c_no_classification_feedback_雾天_20260830_232057/feature_embeddings_iter02.npz,runs/module_c_v13_ablation_60/module_c_20260830_203640/module_c_no_classification_feedback_雾天_20260830_232057/result_summary_iter02.json,0.9547101449275363,0.17646943032741547,0.08072099089622498,0.9655797101449275,1.9045276045799255,0.37000779807567596,1.170875608921051,0.33903783063093823,1.012411932150523,0.36263596018155414
runs/module_c_v13_ablation_60/module_c_20260830_203640/module_c_no_classification_feedback_雾天_20260830_232057,module_c_no_classification_feedback_雾天_20260830_232057/metrics_iter03,no_classification_feedback,雾天,3,50,runs/module_c_v13_ablation_60/module_c_20260830_203640/module_c_no_classification_feedback_雾天_20260830_232057/metrics_iter03.csv,60,45.0,0.9621212121212122,0.9714092038229971,0.9456857956857958,0.9564463114722945,127.0,132.0,5.0,0.9143907904747873,0.9837140610581746,0.9822485207100592,0.020127308588847037,runs/module_c_v13_ablation_60/module_c_20260830_203640/module_c_no_classification_feedback_雾天_20260830_232057/feature_embeddings_iter03.npz,runs/module_c_v13_ablation_60/module_c_20260830_203640/module_c_no_classification_feedback_雾天_20260830_232057/result_summary_iter03.json,0.9402173913043478,0.20181059837341309,0.10112171868483226,0.9130434782608695,2.02871972322464,0.34700827300548553,1.3366134961446126,0.2839136595527331,1.216674566268921,0.4485499809185664
runs/module_c_v13_ablation_60/module_c_20260830_203640/module_c_no_classification_feedback_黑天_20260830_232057,module_c_no_classification_feedback_黑天_20260830_232057/metrics_iter01,no_classification_feedback,黑天,1,42,runs/module_c_v13_ablation_60/module_c_20260830_203640/module_c_no_classification_feedback_黑天_20260830_232057/metrics_iter01.csv,55,40.0,0.9833333333333333,0.9678030303030304,0.9855875831485588,0.9757295173961841,118.0,120.0,2.0,0.9412628731870861,0.9954175314588486,0.9978494623655914,0.014516129032258074,runs/module_c_v13_ablation_60/module_c_20260830_203640/module_c_no_classification_feedback_黑天_20260830_232057/feature_embeddings_iter01.npz,runs/module_c_v13_ablation_60/module_c_20260830_203640/module_c_no_classification_feedback_黑天_20260830_232057/result_summary_iter01.json,0.9979166666666667,0.059396760910749434,0.09102242638667425,0.99375,1.2780331214269003,0.1405121197303136,0.3233552142977715,0.42565729916095735,0.3059763014316559,0.3554355621337891
runs/module_c_v13_ablation_60/module_c_20260830_203640/module_c_no_classification_feedback_黑天_20260830_232057,module_c_no_classification_feedback_黑天_20260830_232057/metrics_iter02,no_classification_feedback,黑天,2,43,runs/module_c_v13_ablation_60/module_c_20260830_203640/module_c_no_classification_feedback_黑天_20260830_232057/metrics_iter02.csv,60,47.0,0.9916666666666667,0.9791666666666667,0.9886363636363636,0.9826839826839827,119.0,120.0,1.0,0.9543025846256777,0.9985274821693252,,,runs/module_c_v13_ablation_60/module_c_20260830_203640/module_c_no_classification_feedback_黑天_20260830_232057/feature_embeddings_iter02.npz,runs/module_c_v13_ablation_60/module_c_20260830_203640/module_c_no_classification_feedback_黑天_20260830_232057/result_summary_iter02.json,0.9979166666666667,0.05851122153302034,0.07960577259461085,1.0,1.2413343866666158,0.10443528443574905,0.30998443613449733,0.39390889207522073,0.2865795284509659,0.49145171145598093
runs/module_c_v13_ablation_60/module_c_20260830_203640/module_c_no_classification_feedback_黑天_20260830_232057,module_c_no_classification_feedback_黑天_20260830_232057/metrics_iter03,no_classification_feedback,黑天,3,44,runs/module_c_v13_ablation_60/module_c_20260830_203640/module_c_no_classification_feedback_黑天_20260830_232057/metrics_iter03.csv,60,46.0,0.9833333333333333,0.984006734006734,0.9855875831485588,0.9847346631937827,118.0,120.0,2.0,0.9412628731870861,0.9954175314588486,,,runs/module_c_v13_ablation_60/module_c_20260830_203640/module_c_no_classification_feedback_黑天_20260830_232057/feature_embeddings_iter03.npz,runs/module_c_v13_ablation_60/module_c_20260830_203640/module_c_no_classification_feedback_黑天_20260830_232057/result_summary_iter03.json,1.0,0.060225563744703926,0.08159467329581578,1.0,1.2415156245231629,0.11020206312338511,0.28428654571374257,0.522665477792422,0.2800611744324366,0.47900897860527036
runs/module_c_v13_ablation_60/module_c_20260830_203640/module_c_no_cycle_逆光_20260830_210831,module_c_no_cycle_逆光_20260830_210831/metrics_iter01,no_cycle,逆光,1,45,runs/module_c_v13_ablation_60/module_c_20260830_203640/module_c_no_cycle_逆光_20260830_210831/metrics_iter01.csv,60,53.0,0.972972972972973,0.9777777777777779,0.9814814814814815,0.9775533108866442,36.0,37.0,1.0,0.8617562156243666,0.9952131489450924,,,runs/module_c_v13_ablation_60/module_c_20260830_203640/module_c_no_cycle_逆光_20260830_210831/feature_embeddings_iter01.npz,runs/module_c_v13_ablation_60/module_c_20260830_203640/module_c_no_cycle_逆光_20260830_210831/result_summary_iter01.json,0.8541666666666666,0.49044562379519147,0.35190657443470424,0.8888888888888888,2.326815366744995,0.24030383427937826,1.1410601139068604,0.6303611331515842,1.3075712786780462,0.6871876782841153
runs/module_c_v13_ablation_60/module_c_20260830_203640/module_c_no_cycle_逆光_20260830_210831,module_c_no_cycle_逆光_20260830_210831/metrics_iter02,no_cycle,逆光,2,46,runs/module_c_v13_ablation_60/module_c_20260830_203640/module_c_no_cycle_逆光_20260830_210831/metrics_iter02.csv,60,58.0,1.0,1.0,1.0,1.0,37.0,37.0,0.0,0.9059390425448564,1.0,,,runs/module_c_v13_ablation_60/module_c_20260830_203640/module_c_no_cycle_逆光_20260830_210831/feature_embeddings_iter02.npz,runs/module_c_v13_ablation_60/module_c_20260830_203640/module_c_no_cycle_逆光_20260830_210831/result_summary_iter02.json,0.9027777777777778,0.4893375072214339,0.33533312214745414,0.9305555555555556,2.3330152299669056,0.24563265840212503,1.1057562828063965,0.8597857554753622,1.2499205138948228,0.5364492734273275
runs/module_c_v13_ablation_60/module_c_20260830_203640/module_c_no_cycle_逆光_20260830_210831,module_c_no_cycle_逆光_20260830_210831/metrics_iter03,no_cycle,逆光,3,47,runs/module_c_v13_ablation_60/module_c_20260830_203640/module_c_no_cycle_逆光_20260830_210831/metrics_iter03.csv,60,54.0,1.0,1.0,1.0,1.0,37.0,37.0,0.0,0.9059390425448564,1.0,,,runs/module_c_v13_ablation_60/module_c_20260830_203640/module_c_no_cycle_逆光_20260830_210831/feature_embeddings_iter03.npz,runs/module_c_v13_ablation_60/module_c_20260830_203640/module_c_no_cycle_逆光_20260830_210831/result_summary_iter03.json,0.8472222222222222,0.4647337529394362,0.33337317572699654,0.9722222222222222,2.232087320751614,0.2390226340956158,1.0697929196887546,0.6173723869853549,1.2066839403576322,0.5407504936059316
runs/module_c_v13_ablation_60/module_c_20260830_203640/module_c_no_cycle_雨天_20260830_210831,module_c_no_cycle_雨天_20260830_210831/metrics_iter01,no_cycle,雨天,1,51,runs/module_c_v13_ablation_60/module_c_20260830_203640/module_c_no_cycle_雨天_20260830_210831/metrics_iter01.csv,60,50.0,1.0,1.0,1.0,1.0,26.0,26.0,0.0,0.8712669561953784,1.0,0.9895833333333334,-0.01041666666666663,runs/module_c_v13_ablation_60/module_c_20260830_203640/module_c_no_cycle_雨天_20260830_210831/feature_embeddings_iter01.npz,runs/module_c_v13_ablation_60/module_c_20260830_203640/module_c_no_cycle_雨天_20260830_210831/result_summary_iter01.json,0.9583333333333334,1.1675033171971638,0.33971597254276276,0.9375,1.8323460419972737,0.24718420455853143,0.8654651343822479,0.40372709929943085,1.0059416194756825,0.8557878037293752
runs/module_c_v13_ablation_60/module_c_20260830_203640/module_c_no_cycle_雨天_20260830_210831,module_c_no_cycle_雨天_20260830_210831/metrics_iter02,no_cycle,雨天,2,52,runs/module_c_v13_ablation_60/module_c_20260830_203640/module_c_no_cycle_雨天_20260830_210831/metrics_iter02.csv,60,49.0,0.9615384615384616,0.9666666666666667,0.9666666666666667,0.9629629629629629,25.0,26.0,1.0,0.811068230080416,0.9931781910230102,,,runs/module_c_v13_ablation_60/module_c_20260830_203640/module_c_no_cycle_雨天_20260830_210831/feature_embeddings_iter02.npz,runs/module_c_v13_ablation_60/module_c_20260830_203640/module_c_no_cycle_雨天_20260830_210831/result_summary_iter02.json,0.9479166666666666,1.132472276687622,0.333281010389328,0.96875,1.7734769980112712,0.2523696720600128,0.9453285237153372,0.68043319384257,1.0267701148986816,0.47166702648003894
runs/module_c_v13_ablation_60/module_c_20260830_203640/module_c_no_cycle_雨天_20260830_210831,module_c_no_cycle_雨天_20260830_210831/metrics_iter03,no_cycle,雨天,3,53,runs/module_c_v13_ablation_60/module_c_20260830_203640/module_c_no_cycle_雨天_20260830_210831/metrics_iter03.csv,60,53.0,1.0,1.0,1.0,1.0,26.0,26.0,0.0,0.8712669561953784,1.0,,,runs/module_c_v13_ablation_60/module_c_20260830_203640/module_c_no_cycle_雨天_20260830_210831/feature_embeddings_iter03.npz,runs/module_c_v13_ablation_60/module_c_20260830_203640/module_c_no_cycle_雨天_20260830_210831/result_summary_iter03.json,0.90625,1.1975203156471252,0.3392094175020854,0.9791666666666666,1.8647547165552776,0.2507015938560168,0.9385449886322021,0.922959973414739,0.9609367748101553,0.8031497895717621
runs/module_c_v13_ablation_60/module_c_20260830_203640/module_c_no_cycle_雾天_20260830_210831,module_c_no_cycle_雾天_20260830_210831/metrics_iter01,no_cycle,雾天,1,48,runs/module_c_v13_ablation_60/module_c_20260830_203640/module_c_no_cycle_雾天_20260830_210831/metrics_iter01.csv,60,51.0,0.9772727272727273,0.9755799755799754,0.9579365079365078,0.965316658649992,129.0,132.0,3.0,0.9353097558813885,0.9922411563575722,,,runs/module_c_v13_ablation_60/module_c_20260830_203640/module_c_no_cycle_雾天_20260830_210831/feature_embeddings_iter01.npz,runs/module_c_v13_ablation_60/module_c_20260830_203640/module_c_no_cycle_雾天_20260830_210831/result_summary_iter01.json,0.9818840579710145,1.0832954049110413,0.3318275759617488,0.9764492753623188,1.850840171178182,0.2408146783709526,1.136239230632782,0.4962536195913951,0.990919848283132,0.6731699009736379
runs/module_c_v13_ablation_60/module_c_20260830_203640/module_c_no_cycle_雾天_20260830_210831,module_c_no_cycle_雾天_20260830_210831/metrics_iter02,no_cycle,雾天,2,49,runs/module_c_v13_ablation_60/module_c_20260830_203640/module_c_no_cycle_雾天_20260830_210831/metrics_iter02.csv,60,59.0,0.9848484848484849,0.9917241379310345,0.9755799755799757,0.9827916555736105,130.0,132.0,2.0,0.9464388294934194,0.9958351130985406,,,runs/module_c_v13_ablation_60/module_c_20260830_203640/module_c_no_cycle_雾天_20260830_210831/feature_embeddings_iter02.npz,runs/module_c_v13_ablation_60/module_c_20260830_203640/module_c_no_cycle_雾天_20260830_210831/result_summary_iter02.json,0.9836956521739131,1.0606579383214314,0.32742343842983246,0.9764492753623188,1.8440215984980266,0.23736865570147833,1.0650396347045898,0.4321949978669484,0.8892260293165842,0.44847842554251355
runs/module_c_v13_ablation_60/module_c_20260830_203640/module_c_no_cycle_雾天_20260830_210831,module_c_no_cycle_雾天_20260830_210831/metrics_iter03,no_cycle,雾天,3,50,runs/module_c_v13_ablation_60/module_c_20260830_203640/module_c_no_cycle_雾天_20260830_210831/metrics_iter03.csv,60,59.0,0.9848484848484849,0.9876190476190475,0.9801587301587301,0.9830499893991956,130.0,132.0,2.0,0.9464388294934194,0.9958351130985406,,,runs/module_c_v13_ablation_60/module_c_20260830_203640/module_c_no_cycle_雾天_20260830_210831/feature_embeddings_iter03.npz,runs/module_c_v13_ablation_60/module_c_20260830_203640/module_c_no_cycle_雾天_20260830_210831/result_summary_iter03.json,0.9927536231884058,1.0580023527145386,0.3253038376569748,0.9818840579710145,1.830854872862498,0.2290591597557068,1.0732391277949016,0.41902069250742596,0.8957839012145996,0.5651322503884634
runs/module_c_v13_ablation_60/module_c_20260830_203640/module_c_no_cycle_黑天_20260830_210831,module_c_no_cycle_黑天_20260830_210831/metrics_iter01,no_cycle,黑天,1,42,runs/module_c_v13_ablation_60/module_c_20260830_203640/module_c_no_cycle_黑天_20260830_210831/metrics_iter01.csv,60,53.0,0.9916666666666667,0.9791666666666667,0.9886363636363636,0.9826839826839827,119.0,120.0,1.0,0.9543025846256777,0.9985274821693252,,,runs/module_c_v13_ablation_60/module_c_20260830_203640/module_c_no_cycle_黑天_20260830_210831/feature_embeddings_iter01.npz,runs/module_c_v13_ablation_60/module_c_20260830_203640/module_c_no_cycle_黑天_20260830_210831/result_summary_iter01.json,1.0,0.841416730483373,0.3633790711561839,0.9979166666666667,1.2167903542518617,0.24455428769191107,0.24304335514704387,0.548336445291837,0.24156517535448074,0.4509696592887243
runs/module_c_v13_ablation_60/module_c_20260830_203640/module_c_no_cycle_黑天_20260830_210831,module_c_no_cycle_黑天_20260830_210831/metrics_iter02,no_cycle,黑天,2,43,runs/module_c_v13_ablation_60/module_c_20260830_203640/module_c_no_cycle_黑天_20260830_210831/metrics_iter02.csv,55,40.0,0.9916666666666667,0.9791666666666667,0.9886363636363636,0.9826839826839827,119.0,120.0,1.0,0.9543025846256777,0.9985274821693252,0.9978494623655914,0.006182795698924659,runs/module_c_v13_ablation_60/module_c_20260830_203640/module_c_no_cycle_黑天_20260830_210831/feature_embeddings_iter02.npz,runs/module_c_v13_ablation_60/module_c_20260830_203640/module_c_no_cycle_黑天_20260830_210831/result_summary_iter02.json,0.99375,0.8758847335974376,0.3430901030699412,0.9979166666666667,1.2561169505119323,0.23657361418008804,0.3863747984170914,0.38956372837225595,0.3989583949247996,0.5012292931477229
runs/module_c_v13_ablation_60/module_c_20260830_203640/module_c_no_cycle_黑天_20260830_210831,module_c_no_cycle_黑天_20260830_210831/metrics_iter03,no_cycle,黑天,3,44,runs/module_c_v13_ablation_60/module_c_20260830_203640/module_c_no_cycle_黑天_20260830_210831/metrics_iter03.csv,60,57.0,0.9916666666666667,0.9953703703703703,0.9886363636363636,0.9916891284815813,119.0,120.0,1.0,0.9543025846256777,0.9985274821693252,,,runs/module_c_v13_ablation_60/module_c_20260830_203640/module_c_no_cycle_黑天_20260830_210831/feature_embeddings_iter03.npz,runs/module_c_v13_ablation_60/module_c_20260830_203640/module_c_no_cycle_黑天_20260830_210831/result_summary_iter03.json,1.0,0.8393561899662018,0.35053602953751883,1.0,1.210197877883911,0.23606552928686142,0.25835355470577875,0.5164106508096059,0.2837854752937953,0.5044641772905986
runs/module_c_v13_ablation_60/module_c_20260830_203640/module_c_no_identity_逆光_20260830_214115,module_c_no_identity_逆光_20260830_214115/metrics_iter01,no_identity,逆光,1,45,runs/module_c_v13_ablation_60/module_c_20260830_203640/module_c_no_identity_逆光_20260830_214115/metrics_iter01.csv,60,56.0,0.972972972972973,0.9777777777777779,0.9814814814814815,0.9775533108866442,36.0,37.0,1.0,0.8617562156243666,0.9952131489450924,,,runs/module_c_v13_ablation_60/module_c_20260830_203640/module_c_no_identity_逆光_20260830_214115/feature_embeddings_iter01.npz,runs/module_c_v13_ablation_60/module_c_20260830_203640/module_c_no_identity_逆光_20260830_214115/result_summary_iter01.json,0.8611111111111112,0.5033499035570357,0.23533942302068075,0.9097222222222222,2.2905256748199463,0.23059936198923323,1.0873174601131015,0.6666910184754266,1.283055755827162,0.6453335947460599
runs/module_c_v13_ablation_60/module_c_20260830_203640/module_c_no_identity_逆光_20260830_214115,module_c_no_identity_逆光_20260830_214115/metrics_iter02,no_identity,逆光,2,46,runs/module_c_v13_ablation_60/module_c_20260830_203640/module_c_no_identity_逆光_20260830_214115/metrics_iter02.csv,60,58.0,1.0,1.0,1.0,1.0,37.0,37.0,0.0,0.9059390425448564,1.0,,,runs/module_c_v13_ablation_60/module_c_20260830_203640/module_c_no_identity_逆光_20260830_214115/feature_embeddings_iter02.npz,runs/module_c_v13_ablation_60/module_c_20260830_203640/module_c_no_identity_逆光_20260830_214115/result_summary_iter02.json,0.8958333333333334,0.5243850449721018,0.23460322618484497,0.9097222222222222,2.4103729989793568,0.23900720477104187,1.1181856128904555,0.8997319142023722,1.267476545439826,0.5508436428176032
runs/module_c_v13_ablation_60/module_c_20260830_203640/module_c_no_identity_逆光_20260830_214115,module_c_no_identity_逆光_20260830_214115/metrics_iter03,no_identity,逆光,3,47,runs/module_c_v13_ablation_60/module_c_20260830_203640/module_c_no_identity_逆光_20260830_214115/metrics_iter03.csv,60,51.0,0.972972972972973,0.9777777777777779,0.9814814814814815,0.9775533108866442,36.0,37.0,1.0,0.8617562156243666,0.9952131489450924,,,runs/module_c_v13_ablation_60/module_c_20260830_203640/module_c_no_identity_逆光_20260830_214115/feature_embeddings_iter03.npz,runs/module_c_v13_ablation_60/module_c_20260830_203640/module_c_no_identity_逆光_20260830_214115/result_summary_iter03.json,0.8402777777777778,0.4952812161710527,0.24111335145102608,0.9236111111111112,2.267013841205173,0.23173749281300438,1.1096305979622736,0.48003483480877346,1.2770510382122464,0.6191592547628615
runs/module_c_v13_ablation_60/module_c_20260830_203640/module_c_no_identity_雨天_20260830_214115,module_c_no_identity_雨天_20260830_214115/metrics_iter01,no_identity,雨天,1,51,runs/module_c_v13_ablation_60/module_c_20260830_203640/module_c_no_identity_雨天_20260830_214115/metrics_iter01.csv,60,48.0,0.9615384615384616,0.9444444444444443,0.9791666666666666,0.9555555555555556,25.0,26.0,1.0,0.811068230080416,0.9931781910230102,,,runs/module_c_v13_ablation_60/module_c_20260830_203640/module_c_no_identity_雨天_20260830_214115/feature_embeddings_iter01.npz,runs/module_c_v13_ablation_60/module_c_20260830_203640/module_c_no_identity_雨天_20260830_214115/result_summary_iter01.json,0.96875,1.200872262318929,0.2864559342463811,0.96875,1.8347643613815308,0.23867890238761902,0.9388560156027476,0.4952890872955322,0.9894197881221771,0.8710212210814158
runs/module_c_v13_ablation_60/module_c_20260830_203640/module_c_no_identity_雨天_20260830_214115,module_c_no_identity_雨天_20260830_214115/metrics_iter02,no_identity,雨天,2,52,runs/module_c_v13_ablation_60/module_c_20260830_203640/module_c_no_identity_雨天_20260830_214115/metrics_iter02.csv,60,49.0,0.9615384615384616,0.9666666666666667,0.9666666666666667,0.9629629629629629,25.0,26.0,1.0,0.811068230080416,0.9931781910230102,,,runs/module_c_v13_ablation_60/module_c_20260830_203640/module_c_no_identity_雨天_20260830_214115/feature_embeddings_iter02.npz,runs/module_c_v13_ablation_60/module_c_20260830_203640/module_c_no_identity_雨天_20260830_214115/result_summary_iter02.json,0.90625,1.1702226996421814,0.28341664373874664,0.9583333333333334,1.7867275675137837,0.24438800662755966,0.9930151005585989,0.675661712884903,1.056526650985082,0.4994783600171407
runs/module_c_v13_ablation_60/module_c_20260830_203640/module_c_no_identity_雨天_20260830_214115,module_c_no_identity_雨天_20260830_214115/metrics_iter03,no_identity,雨天,3,53,runs/module_c_v13_ablation_60/module_c_20260830_203640/module_c_no_identity_雨天_20260830_214115/metrics_iter03.csv,60,53.0,1.0,1.0,1.0,1.0,26.0,26.0,0.0,0.8712669561953784,1.0,,,runs/module_c_v13_ablation_60/module_c_20260830_203640/module_c_no_identity_雨天_20260830_214115/feature_embeddings_iter03.npz,runs/module_c_v13_ablation_60/module_c_20260830_203640/module_c_no_identity_雨天_20260830_214115/result_summary_iter03.json,0.9479166666666666,1.2088234225908916,0.286770964662234,0.9791666666666666,1.8339905937512715,0.2397607167561849,0.9616160690784454,0.8698504567146301,0.9811119437217712,0.8931201994419098
runs/module_c_v13_ablation_60/module_c_20260830_203640/module_c_no_identity_雾天_20260830_214115,module_c_no_identity_雾天_20260830_214115/metrics_iter01,no_identity,雾天,1,48,runs/module_c_v13_ablation_60/module_c_20260830_203640/module_c_no_identity_雾天_20260830_214115/metrics_iter01.csv,60,48.0,0.9696969696969697,0.9618233618233618,0.967908017908018,0.9627116980551416,128.0,132.0,4.0,0.9246737507380807,0.9881541311478805,,,runs/module_c_v13_ablation_60/module_c_20260830_203640/module_c_no_identity_雾天_20260830_214115/feature_embeddings_iter01.npz,runs/module_c_v13_ablation_60/module_c_20260830_203640/module_c_no_identity_雾天_20260830_214115/result_summary_iter01.json,0.9818840579710145,1.1796146829922993,0.2314054767290751,0.9637681159420289,1.8869744340578716,0.23403462767601013,1.22871732711792,0.5307918737332026,1.1003458499908447,0.8094440301259359
runs/module_c_v13_ablation_60/module_c_20260830_203640/module_c_no_identity_雾天_20260830_214115,module_c_no_identity_雾天_20260830_214115/metrics_iter02,no_identity,雾天,2,49,runs/module_c_v13_ablation_60/module_c_20260830_203640/module_c_no_identity_雾天_20260830_214115/metrics_iter02.csv,60,49.0,0.9696969696969697,0.9767724867724866,0.967908017908018,0.9709529722362653,128.0,132.0,4.0,0.9246737507380807,0.9881541311478805,,,runs/module_c_v13_ablation_60/module_c_20260830_203640/module_c_no_identity_雾天_20260830_214115/feature_embeddings_iter02.npz,runs/module_c_v13_ablation_60/module_c_20260830_203640/module_c_no_identity_雾天_20260830_214115/result_summary_iter02.json,0.9782608695652174,1.170062780380249,0.22891456385453543,0.9583333333333334,1.8941303888956706,0.22835887223482132,1.2138269146283467,0.5476863185564677,1.0700330138206482,0.509167030453682
runs/module_c_v13_ablation_60/module_c_20260830_203640/module_c_no_identity_雾天_20260830_214115,module_c_no_identity_雾天_20260830_214115/metrics_iter03,no_identity,雾天,3,50,runs/module_c_v13_ablation_60/module_c_20260830_203640/module_c_no_identity_雾天_20260830_214115/metrics_iter03.csv,60,60.0,0.9772727272727273,0.9807407407407409,0.9764550264550265,0.9773454686287616,129.0,132.0,3.0,0.9353097558813885,0.9922411563575722,1.0,0.022727272727272707,runs/module_c_v13_ablation_60/module_c_20260830_203640/module_c_no_identity_雾天_20260830_214115/feature_embeddings_iter03.npz,runs/module_c_v13_ablation_60/module_c_20260830_203640/module_c_no_identity_雾天_20260830_214115/result_summary_iter03.json,0.9891304347826086,1.1051123142242432,0.20656771212816238,0.980072463768116,1.8087371190388997,0.22127806146939596,1.1067964434623718,0.384797140955925,0.9738173286120096,0.5278089046478271
runs/module_c_v13_ablation_60/module_c_20260830_203640/module_c_no_identity_黑天_20260830_214115,module_c_no_identity_黑天_20260830_214115/metrics_iter01,no_identity,黑天,1,42,runs/module_c_v13_ablation_60/module_c_20260830_203640/module_c_no_identity_黑天_20260830_214115/metrics_iter01.csv,59,44.0,0.9916666666666667,0.9953703703703703,0.9886363636363636,0.9916891284815813,119.0,120.0,1.0,0.9543025846256777,0.9985274821693252,,,runs/module_c_v13_ablation_60/module_c_20260830_203640/module_c_no_identity_黑天_20260830_214115/feature_embeddings_iter01.npz,runs/module_c_v13_ablation_60/module_c_20260830_203640/module_c_no_identity_黑天_20260830_214115/result_summary_iter01.json,0.9979166666666667,0.8766669929027557,0.17283780723810196,1.0,1.2452232241630554,0.1933106114466985,0.30209331860144933,0.41971664428710936,0.3267817278703054,0.45015204747517906
runs/module_c_v13_ablation_60/module_c_20260830_203640/module_c_no_identity_黑天_20260830_214115,module_c_no_identity_黑天_20260830_214115/metrics_iter02,no_identity,黑天,2,43,runs/module_c_v13_ablation_60/module_c_20260830_203640/module_c_no_identity_黑天_20260830_214115/metrics_iter02.csv,60,53.0,0.9833333333333333,0.984006734006734,0.9855875831485588,0.9847346631937827,118.0,120.0,2.0,0.9412628731870861,0.9954175314588486,,,runs/module_c_v13_ablation_60/module_c_20260830_203640/module_c_no_identity_黑天_20260830_214115/feature_embeddings_iter02.npz,runs/module_c_v13_ablation_60/module_c_20260830_203640/module_c_no_identity_黑天_20260830_214115/result_summary_iter02.json,1.0,0.8560195744037629,0.1400586759050687,1.0,1.2198188225428264,0.1761966789762179,0.27591997434695564,0.41047187050183614,0.28908523321151736,0.5466319541136424
runs/module_c_v13_ablation_60/module_c_20260830_203640/module_c_no_identity_黑天_20260830_214115,module_c_no_identity_黑天_20260830_214115/metrics_iter03,no_identity,黑天,3,44,runs/module_c_v13_ablation_60/module_c_20260830_203640/module_c_no_identity_黑天_20260830_214115/metrics_iter03.csv,60,57.0,0.9916666666666667,0.9953703703703703,0.9886363636363636,0.9916891284815813,119.0,120.0,1.0,0.9543025846256777,0.9985274821693252,,,runs/module_c_v13_ablation_60/module_c_20260830_203640/module_c_no_identity_黑天_20260830_214115/feature_embeddings_iter03.npz,runs/module_c_v13_ablation_60/module_c_20260830_203640/module_c_no_identity_黑天_20260830_214115/result_summary_iter03.json,1.0,0.8547835946083069,0.13713874965906142,1.0,1.2140615542729696,0.18550391246875128,0.273397500316302,0.5264104644457499,0.31019470393657683,0.529398579398791
runs/module_c_v13_ablation_60/module_c_20260830_203640/module_c_no_module_c_逆光_20260830_235352,module_c_no_module_c_逆光_20260830_235352/metrics_iter01,no_module_c,逆光,1,45,runs/module_c_v13_ablation_60/module_c_20260830_203640/module_c_no_module_c_逆光_20260830_235352/metrics_iter01.csv,60,49.0,0.9459459459459459,0.9555555555555555,0.9675925925925927,0.9578002244668912,35.0,37.0,2.0,0.822950349364601,0.9850493372294601,,,runs/module_c_v13_ablation_60/module_c_20260830_203640/module_c_no_module_c_逆光_20260830_235352/feature_embeddings_iter01.npz,runs/module_c_v13_ablation_60/module_c_20260830_203640/module_c_no_module_c_逆光_20260830_235352/result_summary_iter01.json,0.7638888888888888,0.01882010346485509,0.5121171010865105,0.8472222222222222,2.708058065838284,0.3968763483895196,1.3096548451317682,0.3640325234995948,1.6026407612694635,0.3887715968820784
runs/module_c_v13_ablation_60/module_c_20260830_203640/module_c_no_module_c_逆光_20260830_235352,module_c_no_module_c_逆光_20260830_235352/metrics_iter02,no_module_c,逆光,2,46,runs/module_c_v13_ablation_60/module_c_20260830_203640/module_c_no_module_c_逆光_20260830_235352/metrics_iter02.csv,60,59.0,1.0,1.0,1.0,1.0,37.0,37.0,0.0,0.9059390425448564,1.0,,,runs/module_c_v13_ablation_60/module_c_20260830_203640/module_c_no_module_c_逆光_20260830_235352/feature_embeddings_iter02.npz,runs/module_c_v13_ablation_60/module_c_20260830_203640/module_c_no_module_c_逆光_20260830_235352/result_summary_iter02.json,0.875,0.019084321334958076,0.5034234391318427,0.8055555555555556,2.478164699342516,0.42170694801542496,1.328195293744405,0.4595014684730106,1.5126334693696764,0.30387137830257416
runs/module_c_v13_ablation_60/module_c_20260830_203640/module_c_no_module_c_逆光_20260830_235352,module_c_no_module_c_逆光_20260830_235352/metrics_iter03,no_module_c,逆光,3,47,runs/module_c_v13_ablation_60/module_c_20260830_203640/module_c_no_module_c_逆光_20260830_235352/metrics_iter03.csv,60,50.0,0.972972972972973,0.9777777777777779,0.9814814814814815,0.9775533108866442,36.0,37.0,1.0,0.8617562156243666,0.9952131489450924,0.9772727272727273,0.004299754299754266,runs/module_c_v13_ablation_60/module_c_20260830_203640/module_c_no_module_c_逆光_20260830_235352/feature_embeddings_iter03.npz,runs/module_c_v13_ablation_60/module_c_20260830_203640/module_c_no_module_c_逆光_20260830_235352/result_summary_iter03.json,0.8611111111111112,0.011976043590241008,0.48625559939278495,0.8263888888888888,2.4105936686197915,0.38654637667867875,1.3499565124511719,0.19018998742103577,1.4604999621709187,0.28885174294312793
runs/module_c_v13_ablation_60/module_c_20260830_203640/module_c_no_module_c_雨天_20260830_235352,module_c_no_module_c_雨天_20260830_235352/metrics_iter01,no_module_c,雨天,1,51,runs/module_c_v13_ablation_60/module_c_20260830_203640/module_c_no_module_c_雨天_20260830_235352/metrics_iter01.csv,60,50.0,0.8846153846153846,0.9,0.9375,0.8901098901098902,23.0,26.0,3.0,0.7102370691310166,0.959968281788505,0.9375,0.05288461538461542,runs/module_c_v13_ablation_60/module_c_20260830_203640/module_c_no_module_c_雨天_20260830_235352/feature_embeddings_iter01.npz,runs/module_c_v13_ablation_60/module_c_20260830_203640/module_c_no_module_c_雨天_20260830_235352/result_summary_iter01.json,0.9166666666666666,0.01183917528639237,0.507256031036377,0.9270833333333334,1.9655211170514424,0.38054072856903076,1.0888386964797974,0.10691974063714345,1.280334194501241,0.4850390354792277
runs/module_c_v13_ablation_60/module_c_20260830_203640/module_c_no_module_c_雨天_20260830_235352,module_c_no_module_c_雨天_20260830_235352/metrics_iter02,no_module_c,雨天,2,52,runs/module_c_v13_ablation_60/module_c_20260830_203640/module_c_no_module_c_雨天_20260830_235352/metrics_iter02.csv,60,50.0,0.9615384615384616,0.9666666666666667,0.9666666666666667,0.9629629629629629,25.0,26.0,1.0,0.811068230080416,0.9931781910230102,0.9791666666666666,0.017628205128205066,runs/module_c_v13_ablation_60/module_c_20260830_203640/module_c_no_module_c_雨天_20260830_235352/feature_embeddings_iter02.npz,runs/module_c_v13_ablation_60/module_c_20260830_203640/module_c_no_module_c_雨天_20260830_235352/result_summary_iter02.json,0.9166666666666666,0.008309251551205913,0.48842068016529083,0.9166666666666666,2.005929191907247,0.3639066865046819,1.1836520433425903,0.25747860223054886,1.3180225292841594,0.15798398603995642
runs/module_c_v13_ablation_60/module_c_20260830_203640/module_c_no_module_c_雨天_20260830_235352,module_c_no_module_c_雨天_20260830_235352/metrics_iter03,no_module_c,雨天,3,53,runs/module_c_v13_ablation_60/module_c_20260830_203640/module_c_no_module_c_雨天_20260830_235352/metrics_iter03.csv,60,53.0,1.0,1.0,1.0,1.0,26.0,26.0,0.0,0.8712669561953784,1.0,,,runs/module_c_v13_ablation_60/module_c_20260830_203640/module_c_no_module_c_雨天_20260830_235352/feature_embeddings_iter03.npz,runs/module_c_v13_ablation_60/module_c_20260830_203640/module_c_no_module_c_雨天_20260830_235352/result_summary_iter03.json,0.84375,0.014872139785438776,0.510408620039622,0.9375,2.0140910943349204,0.38604605197906494,1.2030545671780903,0.38641632596651715,1.2696758111317952,0.35719068596760434
runs/module_c_v13_ablation_60/module_c_20260830_203640/module_c_no_module_c_雾天_20260830_235352,module_c_no_module_c_雾天_20260830_235352/metrics_iter01,no_module_c,雾天,1,48,runs/module_c_v13_ablation_60/module_c_20260830_203640/module_c_no_module_c_雾天_20260830_235352/metrics_iter01.csv,60,60.0,0.946969696969697,0.954296066252588,0.9318477818477818,0.9406616178490328,125.0,132.0,7.0,0.8945808779221942,0.974077912904769,0.9901380670611439,0.04316837009144692,runs/module_c_v13_ablation_60/module_c_20260830_203640/module_c_no_module_c_雾天_20260830_235352/feature_embeddings_iter01.npz,runs/module_c_v13_ablation_60/module_c_20260830_203640/module_c_no_module_c_雾天_20260830_235352/result_summary_iter01.json,0.9402173913043478,0.02573333339144786,0.5231409172217051,0.9438405797101449,1.9944092830022175,0.43114936848481494,1.4597877661387126,0.2859340310096741,1.3654361764589946,0.4493040492137273
runs/module_c_v13_ablation_60/module_c_20260830_203640/module_c_no_module_c_雾天_20260830_235352,module_c_no_module_c_雾天_20260830_235352/metrics_iter02,no_module_c,雾天,2,49,runs/module_c_v13_ablation_60/module_c_20260830_203640/module_c_no_module_c_雾天_20260830_235352/metrics_iter02.csv,60,59.0,0.9772727272727273,0.9881481481481482,0.9670329670329669,0.976094740873066,129.0,132.0,3.0,0.9353097558813885,0.9922411563575722,,,runs/module_c_v13_ablation_60/module_c_20260830_203640/module_c_no_module_c_雾天_20260830_235352/feature_embeddings_iter02.npz,runs/module_c_v13_ablation_60/module_c_20260830_203640/module_c_no_module_c_雾天_20260830_235352/result_summary_iter02.json,0.9456521739130435,0.017920493458708126,0.5103542705376943,0.9402173913043478,2.0058578650156655,0.4377593199412028,1.474322994550069,0.2607850457231204,1.347594439983368,0.25122905274232227
runs/module_c_v13_ablation_60/module_c_20260830_203640/module_c_no_module_c_雾天_20260830_235352,module_c_no_module_c_雾天_20260830_235352/metrics_iter03,no_module_c,雾天,3,50,runs/module_c_v13_ablation_60/module_c_20260830_203640/module_c_no_module_c_雾天_20260830_235352/metrics_iter03.csv,60,55.0,0.9393939393939394,0.9513295346628681,0.950976800976801,0.947778932731349,124.0,132.0,8.0,0.8849622730212207,0.9689734874527433,0.980276134122288,0.04088219472834853,runs/module_c_v13_ablation_60/module_c_20260830_203640/module_c_no_module_c_雾天_20260830_235352/feature_embeddings_iter03.npz,runs/module_c_v13_ablation_60/module_c_20260830_203640/module_c_no_module_c_雾天_20260830_235352/result_summary_iter03.json,0.9710144927536232,0.02069067396223545,0.5170656740665436,0.9420289855072463,2.008131444454193,0.4213257332642873,1.5700817902882893,0.24397560209035873,1.482308526833852,0.34718650579452515
runs/module_c_v13_ablation_60/module_c_20260830_203640/module_c_no_module_c_黑天_20260830_235352,module_c_no_module_c_黑天_20260830_235352/metrics_iter01,no_module_c,黑天,1,42,runs/module_c_v13_ablation_60/module_c_20260830_203640/module_c_no_module_c_黑天_20260830_235352/metrics_iter01.csv,55,40.0,0.9833333333333333,0.9678030303030304,0.9855875831485588,0.9757295173961841,118.0,120.0,2.0,0.9412628731870861,0.9954175314588486,0.9978494623655914,0.014516129032258074,runs/module_c_v13_ablation_60/module_c_20260830_203640/module_c_no_module_c_黑天_20260830_235352/feature_embeddings_iter01.npz,runs/module_c_v13_ablation_60/module_c_20260830_203640/module_c_no_module_c_黑天_20260830_235352/result_summary_iter01.json,0.9979166666666667,0.017267266226311525,0.5268331885337829,0.9854166666666667,1.3507254719734192,0.45952195922533673,0.7479905823866526,0.3921616911888123,0.8058131456375122,0.29852895190318424
runs/module_c_v13_ablation_60/module_c_20260830_203640/module_c_no_module_c_黑天_20260830_235352,module_c_no_module_c_黑天_20260830_235352/metrics_iter02,no_module_c,黑天,2,43,runs/module_c_v13_ablation_60/module_c_20260830_203640/module_c_no_module_c_黑天_20260830_235352/metrics_iter02.csv,60,47.0,0.9916666666666667,0.9953703703703703,0.9886363636363636,0.9916891284815813,119.0,120.0,1.0,0.9543025846256777,0.9985274821693252,,,runs/module_c_v13_ablation_60/module_c_20260830_203640/module_c_no_module_c_黑天_20260830_235352/feature_embeddings_iter02.npz,runs/module_c_v13_ablation_60/module_c_20260830_203640/module_c_no_module_c_黑天_20260830_235352/result_summary_iter02.json,0.9958333333333333,0.019951418787240983,0.4997291624546051,0.9979166666666667,1.2964747508366903,0.4596705694993337,0.7159199297428132,0.3507881691058477,0.7212416609128316,0.4472685674826304
runs/module_c_v13_ablation_60/module_c_20260830_203640/module_c_no_module_c_黑天_20260830_235352,module_c_no_module_c_黑天_20260830_235352/metrics_iter03,no_module_c,黑天,3,44,runs/module_c_v13_ablation_60/module_c_20260830_203640/module_c_no_module_c_黑天_20260830_235352/metrics_iter03.csv,60,49.0,0.9833333333333333,0.984006734006734,0.9855875831485588,0.9847346631937827,118.0,120.0,2.0,0.9412628731870861,0.9954175314588486,,,runs/module_c_v13_ablation_60/module_c_20260830_203640/module_c_no_module_c_黑天_20260830_235352/feature_embeddings_iter03.npz,runs/module_c_v13_ablation_60/module_c_20260830_203640/module_c_no_module_c_黑天_20260830_235352/result_summary_iter03.json,0.9895833333333334,0.024320465326309205,0.4889007975657781,0.9979166666666667,1.3218956192334492,0.4586474418640137,0.7527278602123261,0.5083497017621994,0.8003574808438619,0.4644688864549001
runs/module_c_v13_ablation_60/module_c_20260830_203640/module_c_no_paired_contrastive_逆光_20260830_221433,module_c_no_paired_contrastive_逆光_20260830_221433/metrics_iter01,no_paired_contrastive,逆光,1,45,runs/module_c_v13_ablation_60/module_c_20260830_203640/module_c_no_paired_contrastive_逆光_20260830_221433/metrics_iter01.csv,60,55.0,0.972972972972973,0.9777777777777779,0.9814814814814815,0.9775533108866442,36.0,37.0,1.0,0.8617562156243666,0.9952131489450924,0.9772727272727273,0.004299754299754266,runs/module_c_v13_ablation_60/module_c_20260830_203640/module_c_no_paired_contrastive_逆光_20260830_221433/feature_embeddings_iter01.npz,runs/module_c_v13_ablation_60/module_c_20260830_203640/module_c_no_paired_contrastive_逆光_20260830_221433/result_summary_iter01.json,0.8611111111111112,0.49534334739049274,0.22953588598304325,0.8819444444444444,2.3090735806359186,0.2108989523516761,1.1403387122684054,0.6292383041646745,1.3359527985254924,0.7689157724380493
runs/module_c_v13_ablation_60/module_c_20260830_203640/module_c_no_paired_contrastive_逆光_20260830_221433,module_c_no_paired_contrastive_逆光_20260830_221433/metrics_iter02,no_paired_contrastive,逆光,2,46,runs/module_c_v13_ablation_60/module_c_20260830_203640/module_c_no_paired_contrastive_逆光_20260830_221433/metrics_iter02.csv,60,59.0,1.0,1.0,1.0,1.0,37.0,37.0,0.0,0.9059390425448564,1.0,,,runs/module_c_v13_ablation_60/module_c_20260830_203640/module_c_no_paired_contrastive_逆光_20260830_221433/feature_embeddings_iter02.npz,runs/module_c_v13_ablation_60/module_c_20260830_203640/module_c_no_paired_contrastive_逆光_20260830_221433/result_summary_iter02.json,0.9027777777777778,0.4806662897268931,0.2293593105342653,0.8680555555555556,2.2260995705922446,0.21993862258063424,1.1550299988852606,0.7921390136082967,1.2988779809739854,0.5957564976480272
runs/module_c_v13_ablation_60/module_c_20260830_203640/module_c_no_paired_contrastive_逆光_20260830_221433,module_c_no_paired_contrastive_逆光_20260830_221433/metrics_iter03,no_paired_contrastive,逆光,3,47,runs/module_c_v13_ablation_60/module_c_20260830_203640/module_c_no_paired_contrastive_逆光_20260830_221433/metrics_iter03.csv,60,51.0,0.972972972972973,0.9777777777777779,0.9814814814814815,0.9775533108866442,36.0,37.0,1.0,0.8617562156243666,0.9952131489450924,,,runs/module_c_v13_ablation_60/module_c_20260830_203640/module_c_no_paired_contrastive_逆光_20260830_221433/feature_embeddings_iter03.npz,runs/module_c_v13_ablation_60/module_c_20260830_203640/module_c_no_paired_contrastive_逆光_20260830_221433/result_summary_iter03.json,0.8541666666666666,0.47948115070660907,0.23745605846246085,0.9236111111111112,2.2629648049672446,0.21331057945887247,1.1369210018051996,0.4959828456242879,1.2928874757554796,0.6067823867003123
runs/module_c_v13_ablation_60/module_c_20260830_203640/module_c_no_paired_contrastive_雨天_20260830_221433,module_c_no_paired_contrastive_雨天_20260830_221433/metrics_iter01,no_paired_contrastive,雨天,1,51,runs/module_c_v13_ablation_60/module_c_20260830_203640/module_c_no_paired_contrastive_雨天_20260830_221433/metrics_iter01.csv,60,60.0,1.0,1.0,1.0,1.0,26.0,26.0,0.0,0.8712669561953784,1.0,0.9895833333333334,-0.01041666666666663,runs/module_c_v13_ablation_60/module_c_20260830_203640/module_c_no_paired_contrastive_雨天_20260830_221433/feature_embeddings_iter01.npz,runs/module_c_v13_ablation_60/module_c_20260830_203640/module_c_no_paired_contrastive_雨天_20260830_221433/result_summary_iter01.json,0.9583333333333334,1.1243897477785747,0.27460263669490814,0.9791666666666666,1.7451596856117249,0.22658918052911758,0.9235398272673289,0.411869337161382,0.949188232421875,0.810081958770752
runs/module_c_v13_ablation_60/module_c_20260830_203640/module_c_no_paired_contrastive_雨天_20260830_221433,module_c_no_paired_contrastive_雨天_20260830_221433/metrics_iter02,no_paired_contrastive,雨天,2,52,runs/module_c_v13_ablation_60/module_c_20260830_203640/module_c_no_paired_contrastive_雨天_20260830_221433/metrics_iter02.csv,60,47.0,0.9615384615384616,0.9722222222222222,0.9666666666666667,0.9663299663299664,25.0,26.0,1.0,0.811068230080416,0.9931781910230102,,,runs/module_c_v13_ablation_60/module_c_20260830_203640/module_c_no_paired_contrastive_雨天_20260830_221433/feature_embeddings_iter02.npz,runs/module_c_v13_ablation_60/module_c_20260830_203640/module_c_no_paired_contrastive_雨天_20260830_221433/result_summary_iter02.json,0.96875,1.1954526503880818,0.28461400667826336,0.9895833333333334,1.8597812453905742,0.24185318996508917,1.1223194003105164,0.6493206918239594,1.1708155671755474,0.4417595863342285
runs/module_c_v13_ablation_60/module_c_20260830_203640/module_c_no_paired_contrastive_雨天_20260830_221433,module_c_no_paired_contrastive_雨天_20260830_221433/metrics_iter03,no_paired_contrastive,雨天,3,53,runs/module_c_v13_ablation_60/module_c_20260830_203640/module_c_no_paired_contrastive_雨天_20260830_221433/metrics_iter03.csv,60,59.0,1.0,1.0,1.0,1.0,26.0,26.0,0.0,0.8712669561953784,1.0,,,runs/module_c_v13_ablation_60/module_c_20260830_203640/module_c_no_paired_contrastive_雨天_20260830_221433/feature_embeddings_iter03.npz,runs/module_c_v13_ablation_60/module_c_20260830_203640/module_c_no_paired_contrastive_雨天_20260830_221433/result_summary_iter03.json,0.9791666666666666,1.1514662106831868,0.2820723255475362,0.9895833333333334,1.7773101528485615,0.23105541368325552,0.920134425163269,0.8480359415213267,0.974258154630661,0.694022516409556
runs/module_c_v13_ablation_60/module_c_20260830_203640/module_c_no_paired_contrastive_雾天_20260830_221433,module_c_no_paired_contrastive_雾天_20260830_221433/metrics_iter01,no_paired_contrastive,雾天,1,48,runs/module_c_v13_ablation_60/module_c_20260830_203640/module_c_no_paired_contrastive_雾天_20260830_221433/metrics_iter01.csv,60,49.0,0.9772727272727273,0.9755799755799754,0.976190476190476,0.9755673133450912,129.0,132.0,3.0,0.9353097558813885,0.9922411563575722,,,runs/module_c_v13_ablation_60/module_c_20260830_203640/module_c_no_paired_contrastive_雾天_20260830_221433/feature_embeddings_iter01.npz,runs/module_c_v13_ablation_60/module_c_20260830_203640/module_c_no_paired_contrastive_雾天_20260830_221433/result_summary_iter01.json,0.9818840579710145,1.1253283818562825,0.23071866234143576,0.9565217391304348,1.8521548708279927,0.22162199765443802,1.2547257741292317,0.5375748922427496,1.130470633506775,0.7913287480672201
runs/module_c_v13_ablation_60/module_c_20260830_203640/module_c_no_paired_contrastive_雾天_20260830_221433,module_c_no_paired_contrastive_雾天_20260830_221433/metrics_iter02,no_paired_contrastive,雾天,2,49,runs/module_c_v13_ablation_60/module_c_20260830_203640/module_c_no_paired_contrastive_雾天_20260830_221433/metrics_iter02.csv,60,57.0,0.9772727272727273,0.9881481481481482,0.9670329670329669,0.976094740873066,129.0,132.0,3.0,0.9353097558813885,0.9922411563575722,,,runs/module_c_v13_ablation_60/module_c_20260830_203640/module_c_no_paired_contrastive_雾天_20260830_221433/feature_embeddings_iter02.npz,runs/module_c_v13_ablation_60/module_c_20260830_203640/module_c_no_paired_contrastive_雾天_20260830_221433/result_summary_iter02.json,0.9764492753623188,1.082866330941518,0.20837902774413428,0.9836956521739131,1.8245036999384563,0.21250857909520468,1.15682057539622,0.4494023819764455,1.0229669014612834,0.46287691096464795
runs/module_c_v13_ablation_60/module_c_20260830_203640/module_c_no_paired_contrastive_雾天_20260830_221433,module_c_no_paired_contrastive_雾天_20260830_221433/metrics_iter03,no_paired_contrastive,雾天,3,50,runs/module_c_v13_ablation_60/module_c_20260830_203640/module_c_no_paired_contrastive_雾天_20260830_221433/metrics_iter03.csv,60,47.0,0.9696969696969697,0.9721937321937324,0.9493894993894992,0.9583360202407822,128.0,132.0,4.0,0.9246737507380807,0.9881541311478805,,,runs/module_c_v13_ablation_60/module_c_20260830_203640/module_c_no_paired_contrastive_雾天_20260830_221433/feature_embeddings_iter03.npz,runs/module_c_v13_ablation_60/module_c_20260830_203640/module_c_no_paired_contrastive_雾天_20260830_221433/result_summary_iter03.json,0.9818840579710145,1.1367222865422566,0.21989361196756363,0.9764492753623188,1.8925063014030457,0.2084979017575582,1.3488473296165466,0.4306830515464147,1.2182221412658691,0.6146007676919302
runs/module_c_v13_ablation_60/module_c_20260830_203640/module_c_no_paired_contrastive_黑天_20260830_221433,module_c_no_paired_contrastive_黑天_20260830_221433/metrics_iter01,no_paired_contrastive,黑天,1,42,runs/module_c_v13_ablation_60/module_c_20260830_203640/module_c_no_paired_contrastive_黑天_20260830_221433/metrics_iter01.csv,55,40.0,0.9833333333333333,0.984006734006734,0.9855875831485588,0.9847346631937827,118.0,120.0,2.0,0.9412628731870861,0.9954175314588486,0.9978494623655914,0.014516129032258074,runs/module_c_v13_ablation_60/module_c_20260830_203640/module_c_no_paired_contrastive_黑天_20260830_221433/feature_embeddings_iter01.npz,runs/module_c_v13_ablation_60/module_c_20260830_203640/module_c_no_paired_contrastive_黑天_20260830_221433/result_summary_iter01.json,1.0,0.8771932224432627,0.1664152294397354,0.9958333333333333,1.263536004225413,0.1583164095878601,0.44154210488001505,0.4218510389328003,0.4678272436062495,0.38900621235370636
runs/module_c_v13_ablation_60/module_c_20260830_203640/module_c_no_paired_contrastive_黑天_20260830_221433,module_c_no_paired_contrastive_黑天_20260830_221433/metrics_iter02,no_paired_contrastive,黑天,2,43,runs/module_c_v13_ablation_60/module_c_20260830_203640/module_c_no_paired_contrastive_黑天_20260830_221433/metrics_iter02.csv,55,40.0,0.9916666666666667,0.9953703703703703,0.9886363636363636,0.9916891284815813,119.0,120.0,1.0,0.9543025846256777,0.9985274821693252,0.9978494623655914,0.006182795698924659,runs/module_c_v13_ablation_60/module_c_20260830_203640/module_c_no_paired_contrastive_黑天_20260830_221433/feature_embeddings_iter02.npz,runs/module_c_v13_ablation_60/module_c_20260830_203640/module_c_no_paired_contrastive_黑天_20260830_221433/result_summary_iter02.json,0.9979166666666667,0.8802306433518727,0.1546362444758415,0.9979166666666667,1.262436290582021,0.15125525345404942,0.5522064576546352,0.3989350626866023,0.5978647251923879,0.4955747385819753
runs/module_c_v13_ablation_60/module_c_20260830_203640/module_c_no_paired_contrastive_黑天_20260830_221433,module_c_no_paired_contrastive_黑天_20260830_221433/metrics_iter03,no_paired_contrastive,黑天,3,44,runs/module_c_v13_ablation_60/module_c_20260830_203640/module_c_no_paired_contrastive_黑天_20260830_221433/metrics_iter03.csv,60,52.0,0.9833333333333333,0.984006734006734,0.9855875831485588,0.9847346631937827,118.0,120.0,2.0,0.9412628731870861,0.9954175314588486,,,runs/module_c_v13_ablation_60/module_c_20260830_203640/module_c_no_paired_contrastive_黑天_20260830_221433/feature_embeddings_iter03.npz,runs/module_c_v13_ablation_60/module_c_20260830_203640/module_c_no_paired_contrastive_黑天_20260830_221433/result_summary_iter03.json,1.0,0.8438741405804951,0.12844990740219753,1.0,1.211072071393331,0.14099736114343006,0.422386642297109,0.5465299397706985,0.4572135458389918,0.5057921042044957
runs/module_c_v13_ablation_60/module_c_20260830_203640/module_c_no_prototype_contrastive_逆光_20260830_224726,module_c_no_prototype_contrastive_逆光_20260830_224726/metrics_iter01,no_prototype_contrastive,逆光,1,45,runs/module_c_v13_ablation_60/module_c_20260830_203640/module_c_no_prototype_contrastive_逆光_20260830_224726/metrics_iter01.csv,60,53.0,0.972972972972973,0.9777777777777779,0.9814814814814815,0.9775533108866442,36.0,37.0,1.0,0.8617562156243666,0.9952131489450924,,,runs/module_c_v13_ablation_60/module_c_20260830_203640/module_c_no_prototype_contrastive_逆光_20260830_224726/feature_embeddings_iter01.npz,runs/module_c_v13_ablation_60/module_c_20260830_203640/module_c_no_prototype_contrastive_逆光_20260830_224726/result_summary_iter01.json,0.8611111111111112,0.44131728675630355,0.22514043748378754,0.9027777777777778,2.3222260210249157,0.207524706919988,1.2481634351942275,0.6744964851273431,1.4310790697733562,0.7166040937105814
runs/module_c_v13_ablation_60/module_c_20260830_203640/module_c_no_prototype_contrastive_逆光_20260830_224726,module_c_no_prototype_contrastive_逆光_20260830_224726/metrics_iter02,no_prototype_contrastive,逆光,2,46,runs/module_c_v13_ablation_60/module_c_20260830_203640/module_c_no_prototype_contrastive_逆光_20260830_224726/metrics_iter02.csv,60,58.0,1.0,1.0,1.0,1.0,37.0,37.0,0.0,0.9059390425448564,1.0,,,runs/module_c_v13_ablation_60/module_c_20260830_203640/module_c_no_prototype_contrastive_逆光_20260830_224726/feature_embeddings_iter02.npz,runs/module_c_v13_ablation_60/module_c_20260830_203640/module_c_no_prototype_contrastive_逆光_20260830_224726/result_summary_iter02.json,0.875,0.4571114348040687,0.2296612560749054,0.9097222222222222,2.4109186596340604,0.21933750477102068,1.225919034745958,0.9090943535168966,1.3984892898135715,0.5635363757610321
runs/module_c_v13_ablation_60/module_c_20260830_203640/module_c_no_prototype_contrastive_逆光_20260830_224726,module_c_no_prototype_contrastive_逆光_20260830_224726/metrics_iter03,no_prototype_contrastive,逆光,3,47,runs/module_c_v13_ablation_60/module_c_20260830_203640/module_c_no_prototype_contrastive_逆光_20260830_224726/metrics_iter03.csv,60,49.0,0.972972972972973,0.9777777777777779,0.9814814814814815,0.9775533108866442,36.0,37.0,1.0,0.8617562156243666,0.9952131489450924,,,runs/module_c_v13_ablation_60/module_c_20260830_203640/module_c_no_prototype_contrastive_逆光_20260830_224726/feature_embeddings_iter03.npz,runs/module_c_v13_ablation_60/module_c_20260830_203640/module_c_no_prototype_contrastive_逆光_20260830_224726/result_summary_iter03.json,0.8472222222222222,0.45136911670366925,0.23390159673160976,0.9027777777777778,2.4287948608398438,0.21417714655399323,1.2440340254041884,0.47558651036686367,1.4160976277457342,0.6314411991172366
runs/module_c_v13_ablation_60/module_c_20260830_203640/module_c_no_prototype_contrastive_雨天_20260830_224726,module_c_no_prototype_contrastive_雨天_20260830_224726/metrics_iter01,no_prototype_contrastive,雨天,1,51,runs/module_c_v13_ablation_60/module_c_20260830_203640/module_c_no_prototype_contrastive_雨天_20260830_224726/metrics_iter01.csv,60,49.0,1.0,1.0,1.0,1.0,26.0,26.0,0.0,0.8712669561953784,1.0,,,runs/module_c_v13_ablation_60/module_c_20260830_203640/module_c_no_prototype_contrastive_雨天_20260830_224726/feature_embeddings_iter01.npz,runs/module_c_v13_ablation_60/module_c_20260830_203640/module_c_no_prototype_contrastive_雨天_20260830_224726/result_summary_iter01.json,0.9583333333333334,1.1514488657315571,0.28294675548871356,0.9895833333333334,1.7673064867655437,0.23161575198173523,0.9464968144893646,0.44498858352502185,1.0039998888969421,0.9379377961158752
runs/module_c_v13_ablation_60/module_c_20260830_203640/module_c_no_prototype_contrastive_雨天_20260830_224726,module_c_no_prototype_contrastive_雨天_20260830_224726/metrics_iter02,no_prototype_contrastive,雨天,2,52,runs/module_c_v13_ablation_60/module_c_20260830_203640/module_c_no_prototype_contrastive_雨天_20260830_224726/metrics_iter02.csv,60,49.0,0.9615384615384616,0.9722222222222222,0.9666666666666667,0.9663299663299664,25.0,26.0,1.0,0.811068230080416,0.9931781910230102,,,runs/module_c_v13_ablation_60/module_c_20260830_203640/module_c_no_prototype_contrastive_雨天_20260830_224726/feature_embeddings_iter02.npz,runs/module_c_v13_ablation_60/module_c_20260830_203640/module_c_no_prototype_contrastive_雨天_20260830_224726/result_summary_iter02.json,0.9270833333333334,1.1641235152880351,0.28457804024219513,0.9583333333333334,1.7929511268933613,0.24154517551263174,1.0030705829461415,0.6315807004769644,1.0803604225317638,0.5228204925855001
runs/module_c_v13_ablation_60/module_c_20260830_203640/module_c_no_prototype_contrastive_雨天_20260830_224726,module_c_no_prototype_contrastive_雨天_20260830_224726/metrics_iter03,no_prototype_contrastive,雨天,3,53,runs/module_c_v13_ablation_60/module_c_20260830_203640/module_c_no_prototype_contrastive_雨天_20260830_224726/metrics_iter03.csv,60,53.0,1.0,1.0,1.0,1.0,26.0,26.0,0.0,0.8712669561953784,1.0,,,runs/module_c_v13_ablation_60/module_c_20260830_203640/module_c_no_prototype_contrastive_雨天_20260830_224726/feature_embeddings_iter03.npz,runs/module_c_v13_ablation_60/module_c_20260830_203640/module_c_no_prototype_contrastive_雨天_20260830_224726/result_summary_iter03.json,0.9270833333333334,1.2020366191864014,0.2846464266379674,0.9791666666666666,1.8365586002667744,0.23542136947313944,0.9777719775835673,0.927186111609141,1.0130127271016438,0.8535133600234985
runs/module_c_v13_ablation_60/module_c_20260830_203640/module_c_no_prototype_contrastive_雾天_20260830_224726,module_c_no_prototype_contrastive_雾天_20260830_224726/metrics_iter01,no_prototype_contrastive,雾天,1,48,runs/module_c_v13_ablation_60/module_c_20260830_203640/module_c_no_prototype_contrastive_雾天_20260830_224726/metrics_iter01.csv,60,59.0,0.9772727272727273,0.9835164835164836,0.9764550264550265,0.9789898794795217,129.0,132.0,3.0,0.9353097558813885,0.9922411563575722,,,runs/module_c_v13_ablation_60/module_c_20260830_203640/module_c_no_prototype_contrastive_雾天_20260830_224726/feature_embeddings_iter01.npz,runs/module_c_v13_ablation_60/module_c_20260830_203640/module_c_no_prototype_contrastive_雾天_20260830_224726/result_summary_iter01.json,0.980072463768116,1.0749672651290894,0.21189254770676294,0.9710144927536232,1.8178868889808655,0.21554849793513617,1.2301026980082195,0.4539875239133835,1.1142913500467937,0.6384897232055664
runs/module_c_v13_ablation_60/module_c_20260830_203640/module_c_no_prototype_contrastive_雾天_20260830_224726,module_c_no_prototype_contrastive_雾天_20260830_224726/metrics_iter02,no_prototype_contrastive,雾天,2,49,runs/module_c_v13_ablation_60/module_c_20260830_203640/module_c_no_prototype_contrastive_雾天_20260830_224726/metrics_iter02.csv,60,58.0,0.9772727272727273,0.9732056194125158,0.9718762718762718,0.9708074063012256,129.0,132.0,3.0,0.9353097558813885,0.9922411563575722,,,runs/module_c_v13_ablation_60/module_c_20260830_203640/module_c_no_prototype_contrastive_雾天_20260830_224726/feature_embeddings_iter02.npz,runs/module_c_v13_ablation_60/module_c_20260830_203640/module_c_no_prototype_contrastive_雾天_20260830_224726/result_summary_iter02.json,0.9746376811594203,1.1015984614690144,0.2155712495247523,0.9692028985507246,1.8743043343226116,0.21442320197820663,1.2691922585169475,0.4878958463668823,1.1281294425328572,0.4828079392512639
runs/module_c_v13_ablation_60/module_c_20260830_203640/module_c_no_prototype_contrastive_雾天_20260830_224726,module_c_no_prototype_contrastive_雾天_20260830_224726/metrics_iter03,no_prototype_contrastive,雾天,3,50,runs/module_c_v13_ablation_60/module_c_20260830_203640/module_c_no_prototype_contrastive_雾天_20260830_224726/metrics_iter03.csv,60,53.0,0.9848484848484849,0.9876190476190475,0.9801587301587301,0.9830499893991956,130.0,132.0,2.0,0.9464388294934194,0.9958351130985406,,,runs/module_c_v13_ablation_60/module_c_20260830_203640/module_c_no_prototype_contrastive_雾天_20260830_224726/feature_embeddings_iter03.npz,runs/module_c_v13_ablation_60/module_c_20260830_203640/module_c_no_prototype_contrastive_雾天_20260830_224726/result_summary_iter03.json,0.9909420289855072,1.087001383304596,0.20991467436154684,0.9692028985507246,1.8428965210914612,0.20607860634724298,1.2884388168652852,0.4304249385992686,1.1694426536560059,0.6135440667470297
runs/module_c_v13_ablation_60/module_c_20260830_203640/module_c_no_prototype_contrastive_黑天_20260830_224726,module_c_no_prototype_contrastive_黑天_20260830_224726/metrics_iter01,no_prototype_contrastive,黑天,1,42,runs/module_c_v13_ablation_60/module_c_20260830_203640/module_c_no_prototype_contrastive_黑天_20260830_224726/metrics_iter01.csv,58,43.0,0.9916666666666667,0.9791666666666667,0.9886363636363636,0.9826839826839827,119.0,120.0,1.0,0.9543025846256777,0.9985274821693252,,,runs/module_c_v13_ablation_60/module_c_20260830_203640/module_c_no_prototype_contrastive_黑天_20260830_224726/feature_embeddings_iter01.npz,runs/module_c_v13_ablation_60/module_c_20260830_203640/module_c_no_prototype_contrastive_黑天_20260830_224726/result_summary_iter01.json,0.9979166666666667,0.877961273988088,0.1563214381535848,0.9916666666666667,1.2487176815668741,0.15050757229328154,0.3838239312171936,0.46743435263633726,0.4172079433997472,0.43909498353799187
runs/module_c_v13_ablation_60/module_c_20260830_203640/module_c_no_prototype_contrastive_黑天_20260830_224726,module_c_no_prototype_contrastive_黑天_20260830_224726/metrics_iter02,no_prototype_contrastive,黑天,2,43,runs/module_c_v13_ablation_60/module_c_20260830_203640/module_c_no_prototype_contrastive_黑天_20260830_224726/metrics_iter02.csv,55,40.0,0.9916666666666667,0.9791666666666667,0.9886363636363636,0.9826839826839827,119.0,120.0,1.0,0.9543025846256777,0.9985274821693252,1.0,0.008333333333333304,runs/module_c_v13_ablation_60/module_c_20260830_203640/module_c_no_prototype_contrastive_黑天_20260830_224726/feature_embeddings_iter02.npz,runs/module_c_v13_ablation_60/module_c_20260830_203640/module_c_no_prototype_contrastive_黑天_20260830_224726/result_summary_iter02.json,0.9979166666666667,0.8884750068187713,0.1586104209224383,0.9979166666666667,1.259163506825765,0.14955275257428488,0.4562594503164291,0.38950846989949545,0.48636943598588306,0.4965883016586304
runs/module_c_v13_ablation_60/module_c_20260830_203640/module_c_no_prototype_contrastive_黑天_20260830_224726,module_c_no_prototype_contrastive_黑天_20260830_224726/metrics_iter03,no_prototype_contrastive,黑天,3,44,runs/module_c_v13_ablation_60/module_c_20260830_203640/module_c_no_prototype_contrastive_黑天_20260830_224726/metrics_iter03.csv,60,55.0,0.9916666666666667,0.9953703703703703,0.9886363636363636,0.9916891284815813,119.0,120.0,1.0,0.9543025846256777,0.9985274821693252,1.0,0.008333333333333304,runs/module_c_v13_ablation_60/module_c_20260830_203640/module_c_no_prototype_contrastive_黑天_20260830_224726/feature_embeddings_iter03.npz,runs/module_c_v13_ablation_60/module_c_20260830_203640/module_c_no_prototype_contrastive_黑天_20260830_224726/result_summary_iter03.json,1.0,0.8582514683405559,0.13083215802907944,1.0,1.2214932362238566,0.14458739111820856,0.3508749336004257,0.5231442232926686,0.3891817231973012,0.5035850663979848
