epoch,train_loss,train_loss_cls,train_loss_cls_source,train_loss_cls_target,train_loss_tal,train_loss_dual_g,train_loss_dual_d,train_grad_norm_main,train_grad_norm_discriminator,train_grad_clip_fraction_main,train_grad_clip_fraction_discriminator,train_discriminator_steps,train_adversarial_scale,train_module_c_scale,train_acc,train_acc_source,train_acc_target,train_acc_source_like,train_acc_target_like,train_dual_d_discriminator_total,train_dual_d_discriminator_primary,train_dual_d_discriminator_auxiliary,train_dual_d_generator_total,train_dual_d_adv_primary,train_dual_d_adv_auxiliary,train_dual_d_cycle,train_dual_d_identity,train_dual_d_contrastive,train_dual_d_prototype_contrastive,train_dual_d_classification_feedback,train_dual_d_weighted_cycle,train_dual_d_weighted_identity,train_dual_d_weighted_contrastive,train_dual_d_weighted_prototype_contrastive,train_dual_d_weighted_classification_feedback,val_loss,val_acc,val_precision_macro_present,val_recall_macro_present,val_f1_macro_present,val_precision_micro,val_recall_micro,val_f1_micro,val_raw_loss,val_raw_acc,val_raw_f1_macro_present,train_full_acc,train_full_f1_macro_present,train_sampled_minus_full_acc,monitor_value,monitor_selection_score,monitor_stability_window,lr_scheduler_active,lr_main,lr_discriminator,lr_discriminator_to_main_ratio,cuda_peak_allocated_gb,cuda_peak_reserved_gb,train_seconds,val_seconds,raw_eval_seconds,train_eval_seconds,epoch_seconds
1,5.375513911247253,5.469121217727661,2.992573082447052,2.751720428466797,-0.3120242841541767,0.0,0.0,17.02203893661499,0.0,1.0,0.0,0.0,0.0,0.0,0.15217391304347827,0.10869565217391304,0.15217391304347827,0.14673913043478262,0.08695652173913043,0.0,0.0,0.0,0.0,0.5242040976881981,1.1700288355350494,0.3530345633625984,0.2641248106956482,1.773853749036789,1.7956783473491669,5.865493178367615,0.0,0.0,0.0,0.0,0.0,2.566859483718872,0.15384615384615385,0.26515151515151514,0.2833333333333333,0.16666666666666666,0.15384615384615385,0.15384615384615385,0.15384615384615385,2.591423988342285,0.11538461538461539,0.07792207792207793,0.09375,0.06255792400370713,0.05298913043478262,0.16666666666666666,-inf,3,False,0.0001,3e-05,0.3,21.770931243896484,28.18359375,3.640054702758789,0.40887022018432617,0.427966833114624,0.6239237785339355,5.101123571395874
2,4.010726869106293,4.05550754070282,2.1793286204338074,2.0846432745456696,-0.14926871098577976,0.0,0.0,12.934497833251953,0.0,1.0,0.0,0.0,0.0,0.0,0.32608695652173914,0.28804347826086957,0.32608695652173914,0.3532608695652174,0.2717391304347826,0.0,0.0,0.0,0.0,0.46900705993175507,1.0292029827833176,0.3526349887251854,0.26525015383958817,1.7540271878242493,1.7944702208042145,4.328778803348541,0.0,0.0,0.0,0.0,0.0,2.18699049949646,0.23076923076923078,0.07962962962962963,0.25,0.12008281573498965,0.23076923076923078,0.23076923076923078,0.23076923076923078,,,,,,,0.12008281573498965,-inf,3,False,0.0001,3e-05,0.3,21.771968841552734,28.18359375,2.879577875137329,0.40738630294799805,0.0,0.0,3.2872331142425537
3,3.22462797164917,3.262542724609375,1.83024463057518,1.5914423167705536,-0.1263825111091137,0.0,0.0,10.949888229370117,0.0,1.0,0.0,0.0,0.0,0.0,0.5597826086956522,0.41847826086956524,0.5597826086956522,0.5271739130434783,0.45108695652173914,0.0,0.0,0.0,0.0,0.48551076650619507,0.9385886043310165,0.35363874584436417,0.26522353291511536,1.6982358992099762,1.7669361233711243,3.604403495788574,0.0,0.0,0.0,0.0,0.0,2.2796361446380615,0.19230769230769232,0.032051282051282055,0.16666666666666666,0.05376344086021506,0.19230769230769232,0.19230769230769232,0.19230769230769232,2.401836633682251,0.2692307692307692,0.14351851851851852,,,,0.05376344086021506,0.05376344086021506,3,False,0.0001,3e-05,0.3,21.772159576416016,28.18359375,3.3793911933898926,0.4071617126464844,0.4084017276763916,0.0,4.195216417312622
4,3.0454400181770325,2.8312512040138245,1.6385569274425507,1.3252159655094147,-0.19166918471455574,0.2716895341873169,0.0,10.120856285095215,0.0,1.0,0.0,0.0,0.0,0.14285714285714285,0.654891304347826,0.4891304347826087,0.654891304347826,0.6440217391304348,0.5380434782608695,0.0,0.0,0.0,0.2716895341873169,0.5476406067609787,0.9394469857215881,0.3548618108034134,0.26482710242271423,1.6804202497005463,1.7361437678337097,3.063208520412445,0.0,0.0005674866260960698,0.0036009004106745124,0.004960410762578249,0.26256073638796806,2.5161526203155518,0.19230769230769232,0.032051282051282055,0.16666666666666666,0.05376344086021506,0.19230769230769232,0.19230769230769232,0.19230769230769232,,,,,,,0.05376344086021506,0.05376344086021506,3,False,0.0001,3e-05,0.3,21.770793914794922,28.18359375,2.9016847610473633,0.3980381488800049,0.0,0.0,3.3000035285949707
5,2.696768641471863,2.306376814842224,1.2913227677345276,1.1278378665447235,-0.2065735161304474,0.4523638039827347,0.0,8.832290410995483,0.0,1.0,0.0,0.0,0.0,0.2857142857142857,0.7336956521739131,0.6413043478260869,0.7336956521739131,0.7364130434782609,0.6168478260869565,0.0,0.0,0.0,0.4523638039827347,0.5335430726408958,0.8351568877696991,0.35364285856485367,0.2644359841942787,1.6404121816158295,1.6843515038490295,2.535022497177124,0.0,0.001133297017076984,0.007030337583273649,0.009624865604564548,0.43457530438899994,2.1718616485595703,0.3076923076923077,0.18274853801169588,0.375,0.22817460317460317,0.3076923076923077,0.3076923076923077,0.3076923076923077,2.316544532775879,0.3076923076923077,0.20538720538720537,0.28125,0.19307106149211414,0.45516304347826086,0.22817460317460317,0.05376344086021506,3,False,0.0001,3e-05,0.3,21.771968841552734,28.18359375,3.0821990966796875,0.3974416255950928,0.40088653564453125,0.5919106006622314,4.472689390182495
6,2.729474365711212,2.14259272813797,1.1961429715156555,1.0516108572483063,-0.1423824429512024,0.6295964419841766,0.812670111656189,8.666398286819458,1.5599837899208069,1.0,0.0,2.0,0.06666666666666667,0.42857142857142855,0.7717391304347826,0.717391304347826,0.7717391304347826,0.8070652173913043,0.7038043478260869,0.812670111656189,0.8124113976955414,0.8129288256168365,0.6295964419841766,0.5935318320989609,0.8698407560586929,0.3524281084537506,0.26330244541168213,1.602832943201065,1.63895383477211,2.339557409286499,0.0,0.0016926585522014648,0.010303926188498735,0.014048175420612097,0.6016005128622055,2.1202950477600098,0.3076923076923077,0.1966374269005848,0.375,0.24444444444444446,0.3076923076923077,0.3076923076923077,0.3076923076923077,,,,,,,0.24444444444444446,0.05376344086021506,3,False,0.0001,3e-05,0.3,21.773098468780518,28.18359375,3.2262468338012695,0.3966798782348633,0.0,0.0,3.6232008934020996
7,2.5958834290504456,1.8969051539897919,1.0662149637937546,0.9229891300201416,-0.11769858002662659,0.7342878580093384,0.809437096118927,8.531471610069275,1.5231580138206482,1.0,0.0,2.0,0.13333333333333333,0.5714285714285714,0.8722826086956522,0.7635869565217391,0.8722826086956522,0.8505434782608695,0.7853260869565217,0.809437096118927,0.7816570997238159,0.8372171223163605,0.7342878580093384,0.6341606080532074,0.8360508978366852,0.35149648040533066,0.2616759091615677,1.5248167216777802,1.5725841522216797,2.0331561863422394,0.0,0.002242936287075281,0.013069857144728303,0.017972390167415142,0.6970821171998978,2.0611155033111572,0.34615384615384615,0.293859649122807,0.375,0.28055555555555556,0.34615384615384615,0.34615384615384615,0.34615384615384615,2.123715400695801,0.34615384615384615,0.2557971014492754,,,,0.28055555555555556,0.22817460317460317,3,False,0.0001,3e-05,0.3,21.771732330322266,28.18359375,2.977222442626953,0.39771366119384766,0.4002997875213623,0.0,3.7754554748535156
8,2.4801957607269287,1.662092387676239,0.961533933877945,0.7783982902765274,-0.010503290919587016,0.8212543725967407,0.8252082169055939,7.982028007507324,1.490986406803131,1.0,0.0,2.0,0.2,0.7142857142857143,0.9211956521739131,0.8206521739130435,0.9211956521739131,0.9021739130434783,0.7880434782608695,0.8252082169055939,0.8114577233791351,0.838958740234375,0.8212543725967407,0.5418057590723038,0.8563979119062424,0.3506920486688614,0.2610657140612602,1.474619597196579,1.5093692243099213,1.8095057904720306,0.0,0.0027971327072009444,0.015799496322870255,0.02156241750344634,0.7755025029182434,1.8374817371368408,0.46153846153846156,0.466931216931217,0.5333333333333333,0.41250562303193883,0.46153846153846156,0.46153846153846156,0.46153846153846156,1.827059268951416,0.46153846153846156,0.38404558404558403,,,,0.41250562303193883,0.24444444444444446,3,False,0.0001,3e-05,0.3,21.772907733917236,28.18359375,2.8786959648132324,0.40371108055114746,0.40232181549072266,0.0,3.6850426197052
9,2.4856221675872803,1.5871308743953705,0.9139161258935928,0.7480164170265198,-0.10216006473638117,0.9291393309831619,0.8587265014648438,10.08062732219696,1.5233073830604553,1.0,0.0,2.0,0.26666666666666666,0.8571428571428571,0.9157608695652174,0.8668478260869565,0.9157608695652174,0.9266304347826086,0.8369565217391305,0.8587265014648438,0.8675264716148376,0.8499265015125275,0.9291393309831619,0.5713017880916595,0.7812990993261337,0.3503769040107727,0.25988855212926865,1.4293862879276276,1.4494150876998901,1.702087014913559,0.0,0.0033414242789149284,0.018377823755145073,0.02484711492434144,0.8753590881824493,1.4139375686645508,0.46153846153846156,0.46410256410256406,0.5333333333333333,0.41005291005291006,0.46153846153846156,0.46153846153846156,0.46153846153846156,1.4028913974761963,0.46153846153846156,0.40972222222222227,,,,0.41005291005291006,0.28055555555555556,3,False,0.0001,3e-05,0.3,21.773098468780518,28.18359375,3.2657413482666016,0.3946850299835205,0.40511059761047363,0.0,4.065857172012329
10,2.3520541191101074,1.4513736069202423,0.8223600387573242,0.6989039778709412,-0.136305782943964,0.9415722489356995,0.7941570580005646,8.584850430488586,1.4231430888175964,1.0,0.0,2.0,0.3333333333333333,1.0,0.9375,0.8940217391304348,0.9375,0.9375,0.907608695652174,0.7941570580005646,0.7791991829872131,0.809114933013916,0.9415722489356995,0.5639919638633728,0.8752335458993912,0.34986038506031036,0.25849369913339615,1.35116645693779,1.3824149668216705,1.4669736325740814,0.0,0.003877405426464975,0.020267496816813946,0.027648299001157284,0.8801842033863068,1.2786554098129272,0.5769230769230769,0.6593406593406593,0.6208333333333333,0.5425084175084175,0.5769230769230769,0.5769230769230769,0.5769230769230769,1.2491286993026733,0.6153846153846154,0.6589338765809355,0.6770833333333334,0.7234006011845752,0.26041666666666663,0.5425084175084175,0.41005291005291006,3,False,0.0001,3e-05,0.3,21.771732330322266,28.18359375,2.859855890274048,0.39792346954345703,0.4063103199005127,0.6122798919677734,4.2766711711883545
11,2.1997860074043274,1.3187331855297089,0.7427876144647598,0.6399395614862442,-0.11681098490953445,0.9160961806774139,0.8229528963565826,7.752987861633301,1.4255356192588806,1.0,0.0,2.0,0.4,1.0,0.9782608695652174,0.9239130434782609,0.9782608695652174,0.9864130434782609,0.8994565217391305,0.8229528963565826,0.8230702579021454,0.8228355050086975,0.9160961806774139,0.573422983288765,0.8668833374977112,0.3481806144118309,0.25761253386735916,1.323045790195465,1.3446155786514282,1.4232858717441559,0.0,0.0038641878636553884,0.01984568638727069,0.026892310939729214,0.8539715558290482,1.2663941383361816,0.6153846153846154,0.6752136752136751,0.6416666666666667,0.5842592592592593,0.6153846153846154,0.6153846153846154,0.6153846153846154,,,,,,,0.5842592592592593,0.41005291005291006,3,False,0.0001,3e-05,0.3,21.772907733917236,28.18359375,3.0953266620635986,0.39946889877319336,0.0,0.0,3.4950647354125977
12,2.1111594438552856,1.2865650057792664,0.7285832613706589,0.619979739189148,-0.17420970648527145,0.8768573999404907,0.8485773801803589,6.850393891334534,1.4000425934791565,0.75,0.0,2.0,0.4666666666666667,1.0,0.9755434782608695,0.9483695652173914,0.9755434782608695,0.9864130434782609,0.9293478260869565,0.8485773801803589,0.8078139424324036,0.8893408477306366,0.8768573999404907,0.5867904424667358,0.7683698534965515,0.3477453291416168,0.2573966532945633,1.2711073458194733,1.276873141527176,1.359573632478714,0.0,0.003860949771478772,0.01906660944223404,0.02553746197372675,0.8157442063093185,1.0087831020355225,0.7692307692307693,0.8833333333333333,0.8624999999999999,0.8316498316498318,0.7692307692307693,0.7692307692307693,0.7692307692307693,1.0256768465042114,0.7307692307692307,0.7925925925925926,,,,0.8316498316498318,0.5425084175084175,3,False,0.0001,3e-05,0.3,21.773098468780518,28.18359375,3.1734747886657715,0.40282297134399414,0.4092421531677246,0.0,3.985760450363159
13,2.023941457271576,1.24295774102211,0.7038622349500656,0.5989950150251389,-0.15307648479938507,0.8269067406654358,0.8641424477100372,8.722574949264526,1.4575138092041016,1.0,0.0,2.0,0.5333333333333333,1.0,0.9945652173913043,0.9483695652173914,0.9945652173913043,0.9809782608695652,0.9538043478260869,0.8641424477100372,0.828085720539093,0.9001991450786591,0.8269067406654358,0.5665284842252731,0.7756363749504089,0.3474457189440727,0.25706858932971954,1.265068769454956,1.244394451379776,1.274783879518509,0.0,0.003856028779409826,0.018976030871272087,0.024887888226658106,0.76487036049366,0.8880131840705872,0.7307692307692307,0.861111111111111,0.8416666666666667,0.7925925925925926,0.7307692307692307,0.7307692307692307,0.7307692307692306,0.8885624408721924,0.7307692307692307,0.7925925925925926,,,,0.7925925925925926,0.5842592592592593,3,False,0.0001,3e-05,0.3,21.771732330322266,28.18359375,3.226984739303589,0.4003458023071289,0.40210747718811035,0.0,4.029714584350586
14,1.9516895413398743,1.1891505122184753,0.6539723426103592,0.5946424156427383,-0.1328320875763893,0.8023886233568192,0.798159122467041,6.205644726753235,1.3113539218902588,0.5,0.0,2.0,0.6,1.0,0.9918478260869565,0.9592391304347826,0.9918478260869565,0.9972826086956522,0.9293478260869565,0.798159122467041,0.8033717274665833,0.7929465174674988,0.8023886233568192,0.591800644993782,0.7827664017677307,0.3471069931983948,0.25614508986473083,1.1738125085830688,1.1856729090213776,1.2345516383647919,0.0,0.003842176287434995,0.017607186920940876,0.02371345739811659,0.7407310158014297,0.7764096260070801,0.8846153846153846,0.9375,0.9375,0.923076923076923,0.8846153846153846,0.8846153846153846,0.8846153846153846,0.7807446718215942,0.8846153846153846,0.923076923076923,,,,0.923076923076923,0.7925925925925926,3,False,0.0001,3e-05,0.3,21.772907733917236,28.18359375,3.0792009830474854,0.4029562473297119,0.41882824897766113,0.0,3.9012534618377686
15,1.953011929988861,1.173187494277954,0.6598911583423615,0.5703293234109879,-0.08404466789215803,0.8050378412008286,0.829484224319458,6.130073249340057,1.3669918775558472,0.5,0.0,2.0,0.6666666666666666,1.0,0.9972826086956522,0.967391304347826,0.9972826086956522,0.9891304347826086,0.9646739130434783,0.829484224319458,0.824154406785965,0.8348140716552734,0.8050378412008286,0.544759064912796,0.7680662870407104,0.34714334458112717,0.25561902672052383,1.1605206727981567,1.1335296630859375,1.2393680214881897,0.0,0.0038342853076756,0.01740780984982848,0.02267059264704585,0.743620827794075,0.8501936793327332,0.7692307692307693,0.8253968253968255,0.8624999999999999,0.7991582491582491,0.7692307692307693,0.7692307692307693,0.7692307692307693,0.8548561930656433,0.7692307692307693,0.7915824915824916,0.8645833333333334,0.8690418837477659,0.12454710144927528,0.7991582491582491,0.7925925925925926,3,False,0.0001,3e-05,0.3,21.773098468780518,28.18359375,3.1910970211029053,0.40169405937194824,0.40900516510009766,0.6032900810241699,4.605388879776001
16,1.9651792645454407,1.1820203959941864,0.6596788167953491,0.5803795754909515,-0.05087362229824066,0.7984209656715393,0.8283216655254364,6.044941544532776,1.3395306468009949,1.0,0.0,2.0,0.7333333333333333,1.0,0.9864130434782609,0.9592391304347826,0.9864130434782609,0.9864130434782609,0.9619565217391305,0.8283216655254364,0.7979340553283691,0.8587092757225037,0.7984209656715393,0.5795799940824509,0.7743078768253326,0.3462701439857483,0.25416747480630875,1.1373488903045654,1.1065014898777008,1.2259352207183838,0.0,0.0038125120918266475,0.017060233280062675,0.022130029276013374,0.7355611622333527,0.6595258116722107,0.9615384615384616,0.9444444444444443,0.9666666666666667,0.9481481481481482,0.9615384615384616,0.9615384615384616,0.9615384615384616,0.707597017288208,0.9230769230769231,0.9027777777777777,,,,0.9481481481481482,0.7991582491582491,3,False,0.0001,3e-05,0.3,21.771732330322266,28.18359375,2.805697202682495,0.40149545669555664,0.4042670726776123,0.0,3.6116843223571777
17,1.924941211938858,1.1618382930755615,0.6475210189819336,0.5714636445045471,-0.06126253865659237,0.7814816683530807,0.8170589506626129,6.987303137779236,1.338018536567688,1.0,0.0,2.0,0.8,1.0,0.9945652173913043,0.9646739130434783,0.9945652173913043,0.9945652173913043,0.970108695652174,0.8170589506626129,0.8401878178119659,0.7939300835132599,0.7814816683530807,0.5239981561899185,0.7028474658727646,0.3466843217611313,0.25425630062818527,1.1260594725608826,1.0837810933589935,1.1991195678710938,0.0,0.003813844406977296,0.016890891827642918,0.021675621159374714,0.7194717824459076,0.67447829246521,0.9230769230769231,0.9166666666666665,0.9583333333333334,0.9277056277056276,0.9230769230769231,0.9230769230769231,0.9230769230769231,,,,,,,0.9277056277056276,0.7991582491582491,3,False,0.0001,3e-05,0.3,21.772907733917236,28.18359375,3.0045506954193115,0.4015476703643799,0.0,0.0,3.406371831893921
18,1.8714803457260132,1.1326942145824432,0.6149448901414871,0.5752770304679871,-0.06564715970307589,0.7584802508354187,0.8260759711265564,5.937489986419678,1.3660958409309387,0.75,0.0,2.0,0.8666666666666667,1.0,0.9891304347826086,0.9755434782608695,0.9891304347826086,1.0,0.967391304347826,0.8260759711265564,0.7615538835525513,0.8905980587005615,0.7584802508354187,0.5361324101686478,0.6929576247930527,0.34704314917325974,0.25303536653518677,1.1054151952266693,1.0552610158920288,1.159490019083023,0.0,0.00379553041420877,0.01658122753724456,0.021105220075696707,0.6956940442323685,0.6824182271957397,0.8846153846153846,0.9375,0.8624999999999999,0.8763532763532763,0.8846153846153846,0.8846153846153846,0.8846153846153846,0.662350058555603,0.9615384615384616,0.9663299663299664,,,,0.8763532763532763,0.8763532763532763,3,False,0.0001,3e-05,0.3,21.773098468780518,28.18359375,2.959207057952881,0.4187026023864746,0.4133448600769043,0.0,3.791475534439087
19,1.8504185676574707,1.1097730100154877,0.6040675938129425,0.5618948936462402,-0.0586421862244606,0.7582381963729858,0.8291624188423157,5.050462305545807,1.3859953880310059,0.5,0.0,2.0,0.9333333333333333,1.0,0.9972826086956522,0.9836956521739131,0.9972826086956522,0.9972826086956522,0.9918478260869565,0.8291624188423157,0.7530856132507324,0.9052392244338989,0.7582381963729858,0.5778958201408386,0.6329403668642044,0.34722109884023666,0.2536754533648491,1.0816380679607391,1.0435322225093842,1.1578926146030426,0.0,0.0038051317096687853,0.01622457057237625,0.02087064366787672,0.6947356015443802,0.6392444372177124,0.9615384615384616,0.9722222222222222,0.9666666666666667,0.9663299663299664,0.9615384615384616,0.9615384615384616,0.9615384615384616,,,,,,,0.9663299663299664,0.8763532763532763,3,False,0.0001,3e-05,0.3,21.771732330322266,28.18359375,2.9846384525299072,0.39861059188842773,0.0,0.0,3.3835244178771973
20,1.7865480780601501,1.0750374495983124,0.5774328708648682,0.5528939962387085,-0.10945462621748447,0.7443469613790512,0.895872175693512,4.045172333717346,1.4045135378837585,0.25,0.0,2.0,1.0,1.0,0.9945652173913043,0.9836956521739131,0.9945652173913043,0.9945652173913043,0.9836956521739131,0.895872175693512,0.8418130576610565,0.949931263923645,0.7443469613790512,0.5828403532505035,0.6832005232572556,0.3475041314959526,0.252955324947834,1.0559048354625702,1.0050852000713348,1.1321525275707245,0.0,0.0037943297647871077,0.01583857205696404,0.020101703703403473,0.6792915463447571,0.7898646593093872,0.8461538461538461,0.9259259259259259,0.9041666666666667,0.8954008954008953,0.8461538461538461,0.8461538461538461,0.8461538461538461,0.7699974775314331,0.8846153846153846,0.9192104192104192,0.8854166666666666,0.900476338407373,0.1091485507246377,0.8954008954008953,0.8763532763532763,3,False,0.0001,3e-05,0.3,21.772907733917236,28.18359375,2.8565518856048584,0.39898109436035156,0.41545915603637695,0.6071546077728271,4.278396129608154
21,1.7789757251739502,1.0702208578586578,0.5740835964679718,0.5512636452913284,-0.12862422689795494,0.7473421096801758,0.9360098838806152,4.262078583240509,1.4220272898674011,0.25,0.0,2.0,1.0,1.0,0.9945652173913043,0.9864130434782609,0.9945652173913043,0.9945652173913043,0.9918478260869565,0.9360098838806152,0.8351669907569885,1.0368527173995972,0.7473421096801758,0.5034968629479408,0.6274797469377518,0.34761417657136917,0.2527143135666847,1.0008414685726166,0.9522896558046341,1.1447890400886536,0.0,0.003790714603383094,0.015012621646746993,0.01904579298570752,0.6868734508752823,0.6679783463478088,0.8461538461538461,0.9259259259259259,0.9041666666666667,0.8954008954008953,0.8461538461538461,0.8461538461538461,0.8461538461538461,0.6516391038894653,0.8846153846153846,0.9192104192104192,,,,0.8954008954008953,0.8954008954008953,3,False,0.0001,3e-05,0.3,21.773098468780518,28.18359375,2.9624006748199463,0.4008481502532959,0.41368651390075684,0.0,3.777158737182617
22,1.7928337156772614,1.0792461335659027,0.5884215980768204,0.5453606098890305,-0.08588155917823315,0.7393520772457123,0.8773869276046753,4.688775956630707,1.3835422992706299,0.5,0.0,2.0,1.0,1.0,0.9972826086956522,0.9864130434782609,0.9972826086956522,0.9972826086956522,0.9864130434782609,0.8773869276046753,0.8161352872848511,0.9386385679244995,0.7393520772457123,0.5422779321670532,0.5498720481991768,0.34688030183315277,0.25263385474681854,0.9985130876302719,0.9365139156579971,1.1333525776863098,0.0,0.0037895077257417142,0.01497769565321505,0.018730278126895428,0.680011585354805,0.6223889589309692,0.9615384615384616,0.9722222222222222,0.9791666666666666,0.9737373737373738,0.9615384615384616,0.9615384615384616,0.9615384615384616,,,,,,,0.9737373737373738,0.8954008954008953,3,False,0.0001,3e-05,0.3,21.771732330322266,28.18359375,3.197115659713745,0.4035959243774414,0.0,0.0,3.6009838581085205
23,1.8432799577713013,1.103706270456314,0.5956131368875504,0.5645479261875153,-0.017700640484690666,0.7448838800191879,0.9040220975875854,6.708584904670715,1.4534919261932373,1.0,0.0,2.0,1.0,1.0,0.9918478260869565,0.9864130434782609,0.9918478260869565,0.9945652173913043,0.9755434782608695,0.9040220975875854,0.8544973134994507,0.9535468816757202,0.7448838800191879,0.4944235235452652,0.6131755709648132,0.3470280170440674,0.2517651841044426,0.9963230192661285,0.9467411488294601,1.1417929232120514,0.0,0.00377647764980793,0.014944844879209995,0.018934822641313076,0.6850757598876953,0.702893853187561,0.9615384615384616,0.9444444444444443,0.9791666666666666,0.9555555555555556,0.9615384615384616,0.9615384615384616,0.9615384615384616,,,,,,,0.9555555555555556,0.8954008954008953,3,False,0.0001,3e-05,0.3,21.772907733917236,28.18359375,3.3416290283203125,0.398561954498291,0.0,0.0,3.7404096126556396
24,1.7934596538543701,1.0744868218898773,0.575989842414856,0.5538855195045471,-0.005684387404471636,0.7206781655550003,0.913386195898056,4.815481185913086,1.3990975618362427,0.5,0.0,2.0,1.0,1.0,1.0,0.9891304347826086,1.0,1.0,0.9891304347826086,0.913386195898056,0.8528794646263123,0.9738929271697998,0.7206781655550003,0.45848916471004486,0.5721794068813324,0.3466639667749405,0.2527202293276787,0.9695384651422501,0.8975614905357361,1.1062994301319122,0.0,0.003790803311858326,0.014543076744303107,0.017951229121536016,0.6637796759605408,0.5716813802719116,1.0,1.0,1.0,1.0,1.0,1.0,1.0,0.5647448301315308,1.0,1.0,,,,1.0,0.9555555555555556,3,True,0.0001,3e-05,0.3,21.773098468780518,28.18359375,3.0817067623138428,0.39944887161254883,0.4020252227783203,0.0,3.8834354877471924
25,1.7603459656238556,1.0621587038040161,0.5799205750226974,0.5358201563358307,-0.07145174220204353,0.719622790813446,0.8892269134521484,3.8628628849983215,1.380762755870819,0.0,0.0,2.0,1.0,1.0,1.0,0.9918478260869565,1.0,1.0,0.9864130434782609,0.8892269134521484,0.8439337313175201,0.9345200657844543,0.719622790813446,0.440022848546505,0.5879160612821579,0.3466508090496063,0.25179311633110046,0.9472057819366455,0.8820482045412064,1.1057300865650177,0.0,0.003776896686758846,0.014208086300641298,0.01764096412807703,0.6634380668401718,0.5309596061706543,1.0,1.0,1.0,1.0,1.0,1.0,1.0,0.5298150777816772,1.0,1.0,0.9791666666666666,0.9803126107473933,0.02083333333333337,1.0,0.9555555555555556,3,True,0.0001,3e-05,0.3,21.771732330322266,28.18359375,3.1910548210144043,0.3999958038330078,0.40831422805786133,0.6101028919219971,4.609785556793213
26,1.765318125486374,1.0606418251991272,0.5700258761644363,0.5451288521289825,-0.03022138588130474,0.7137427181005478,0.9361011385917664,3.6920085549354553,1.4683987498283386,0.25,0.0,2.0,1.0,1.0,1.0,0.9918478260869565,1.0,0.9945652173913043,0.9918478260869565,0.9361011385917664,0.8919165432453156,0.9802857041358948,0.7137427181005478,0.4479566663503647,0.5257468372583389,0.347955659031868,0.2522785812616348,0.9535598158836365,0.8665543645620346,1.098083257675171,0.0,0.0037841785815544426,0.014303396921604872,0.01733108703047037,0.6588499844074249,0.5347427129745483,1.0,1.0,1.0,1.0,1.0,1.0,1.0,0.5377877950668335,1.0,1.0,,,,1.0,1.0,3,True,0.0001,3e-05,0.3,21.772907733917236,28.18359375,3.0732715129852295,0.39786744117736816,0.4058058261871338,0.0,3.8772342205047607
27,1.7630338668823242,1.0522761344909668,0.5634778738021851,0.543109193444252,-0.016781426966190338,0.7157921642065048,0.9629659056663513,3.2743690609931946,1.4603180289268494,0.0,0.0,2.0,1.0,1.0,1.0,0.9891304347826086,1.0,1.0,0.9891304347826086,0.9629659056663513,0.890921026468277,1.0350106954574585,0.7157921642065048,0.43315014988183975,0.5568229854106903,0.34671293944120407,0.25099051743745804,0.9254602193832397,0.8571598082780838,1.1020045280456543,0.0,0.0037648576544597745,0.01388190290890634,0.01714319596067071,0.6612027436494827,0.546841561794281,1.0,1.0,1.0,1.0,1.0,1.0,1.0,,,,,,,1.0,1.0,3,True,0.0001,3e-05,0.3,21.773098468780518,28.18359375,2.9825456142425537,0.40411925315856934,0.0,0.0,3.386951208114624
28,1.78131565451622,1.0472553968429565,0.5592579990625381,0.542219340801239,0.02813409734517336,0.7256200760602951,0.9630566239356995,3.2543525099754333,1.508618712425232,0.0,0.0,2.0,1.0,1.0,1.0,0.9945652173913043,1.0,1.0,0.9836956521739131,0.9630566239356995,0.9211353063583374,1.0049778819084167,0.7256200760602951,0.4088568314909935,0.5682068839669228,0.34879256784915924,0.25082041323184967,0.9101819097995758,0.8318323343992233,1.1200451254844666,0.0,0.0037623060634359717,0.013652728172019124,0.01663664635270834,0.6720271110534668,0.5459405183792114,1.0,1.0,1.0,1.0,1.0,1.0,1.0,,,,,,,1.0,1.0,3,True,0.0001,3e-05,0.3,21.771732330322266,28.18359375,3.011082410812378,0.400667667388916,0.0,0.0,3.4119865894317627
29,1.7562350928783417,1.042160838842392,0.5485946089029312,0.5484069585800171,0.0018937215209007263,0.7135061323642731,0.969996839761734,3.0507845282554626,1.4985195398330688,0.0,0.0,2.0,1.0,1.0,1.0,0.9972826086956522,1.0,0.9972826086956522,0.9972826086956522,0.969996839761734,0.9332581758499146,1.0067355036735535,0.7135061323642731,0.3901720568537712,0.48233793675899506,0.3460947200655937,0.2505374327301979,0.9165802299976349,0.8324246555566788,1.1031677722930908,0.0,0.003758061386179179,0.013748703058809042,0.016648493241518736,0.6619006842374802,0.5264524221420288,1.0,1.0,1.0,1.0,1.0,1.0,1.0,,,,,,,1.0,1.0,3,True,0.0001,3e-05,0.3,21.772907733917236,28.18359375,2.9948651790618896,0.4007699489593506,0.0,0.0,3.395933151245117
30,1.755716472864151,1.0493673980236053,0.5615858882665634,0.5419794768095016,0.0013101380318403244,0.7059560567140579,1.0407384037971497,3.519472151994705,1.5283079147338867,0.25,0.0,2.0,1.0,1.0,1.0,0.9918478260869565,1.0,1.0,0.9864130434782609,1.0407384037971497,0.9784824550151825,1.1029943823814392,0.7059560567140579,0.40781281888484955,0.4618496596813202,0.34675469994544983,0.25047777593135834,0.876641184091568,0.801311582326889,1.0927163064479828,0.0,0.0037571665598079562,0.013149617472663522,0.016026231460273266,0.6556298136711121,0.5276994109153748,1.0,1.0,1.0,1.0,1.0,1.0,1.0,0.5258968472480774,1.0,1.0,0.9583333333333334,0.9565344565344565,0.04166666666666663,1.0,1.0,3,True,0.0001,3e-05,0.3,21.773098468780518,28.18359375,3.1618943214416504,0.402759313583374,0.4054572582244873,0.5990588665008545,4.569438934326172
31,1.7451737523078918,1.0407909750938416,0.5529127866029739,0.5420869141817093,-0.034625379368662834,0.7147703319787979,1.0172394812107086,3.568093717098236,1.509590208530426,0.0,0.0,2.0,1.0,1.0,0.9972826086956522,0.9918478260869565,0.9972826086956522,0.9972826086956522,0.9945652173913043,1.0172394812107086,0.9436508417129517,1.0908281207084656,0.7147703319787979,0.36383283138275146,0.4598570093512535,0.34603892266750336,0.25009482353925705,0.8728739321231842,0.7925314605236053,1.1093356013298035,0.0,0.003751422220375389,0.013093108544126153,0.015850628726184368,0.665601372718811,0.5329158902168274,1.0,1.0,1.0,1.0,1.0,1.0,1.0,,,,,,,1.0,1.0,3,True,0.0001,3e-05,0.3,21.771732330322266,28.18359375,3.0831360816955566,0.3991389274597168,0.0,0.0,3.4825081825256348
32,1.721293568611145,1.0410548150539398,0.5512109398841858,0.5442709922790527,-0.08549736812710762,0.705887958407402,0.9554387629032135,2.7216373682022095,1.4462817907333374,0.0,0.0,2.0,1.0,1.0,0.9972826086956522,0.9972826086956522,0.9972826086956522,1.0,1.0,0.9554387629032135,0.9013108611106873,1.0095666646957397,0.705887958407402,0.40436307340860367,0.44710030406713486,0.3461442142724991,0.24888299405574799,0.8699998259544373,0.7911849617958069,1.0937528908252716,0.0,0.0037332447827793658,0.013049997156485915,0.01582369883544743,0.6562517583370209,0.5957333445549011,0.9615384615384616,0.9722222222222222,0.9666666666666667,0.9663299663299664,0.9615384615384616,0.9615384615384616,0.9615384615384616,,,,,,,0.9663299663299664,0.9663299663299664,3,True,0.0001,3e-05,0.3,21.772907733917236,28.18359375,3.1837615966796875,0.4031524658203125,0.0,0.0,3.5871877670288086
33,1.7333720922470093,1.0402041375637054,0.5552688986063004,0.538816973567009,-0.035934899002313614,0.7039484232664108,1.0009099543094635,2.6991734206676483,1.4270896315574646,0.0,0.0,2.0,1.0,1.0,1.0,0.9864130434782609,1.0,1.0,0.9972826086956522,1.0009099543094635,0.958624392747879,1.0431954860687256,0.7039484232664108,0.3182029724121094,0.4360021725296974,0.3455376848578453,0.2490323670208454,0.8598973304033279,0.7755533903837204,1.094532161951065,0.0,0.003735485428478569,0.012898459797725081,0.015511067351326346,0.6567193120718002,0.595530092716217,0.9615384615384616,0.9722222222222222,0.9666666666666667,0.9663299663299664,0.9615384615384616,0.9615384615384616,0.9615384615384616,,,,,,,0.9663299663299664,0.9663299663299664,3,True,0.0001,3e-05,0.3,21.773098468780518,28.18359375,2.9363620281219482,0.39964890480041504,0.0,0.0,3.336242198944092
34,1.710258275270462,1.0341483652591705,0.5498960912227631,0.5380580723285675,-0.04973123501986265,0.6910292655229568,1.010532557964325,2.0978926718235016,1.4798883199691772,0.0,0.0,2.0,1.0,1.0,0.9972826086956522,0.9918478260869565,0.9972826086956522,0.9972826086956522,0.9972826086956522,1.010532557964325,1.0125005841255188,1.0085645616054535,0.6910292655229568,0.35070013999938965,0.4571893811225891,0.34593070298433304,0.2483922280371189,0.8256492763757706,0.741809293627739,1.0732077360153198,0.0,0.0037258833181113005,0.012384738773107529,0.014836185611784458,0.643924668431282,0.5495108366012573,0.9615384615384616,0.9722222222222222,0.9666666666666667,0.9663299663299664,0.9615384615384616,0.9615384615384616,0.9615384615384616,,,,,,,0.9663299663299664,0.9663299663299664,3,True,0.0001,3e-05,0.3,21.771732330322266,28.18359375,3.3150713443756104,0.39848971366882324,0.0,0.0,3.7138009071350098
35,1.7141932249069214,1.022183209657669,0.5412162095308304,0.5344077944755554,-0.014653680846095085,0.6964061558246613,1.0368501543998718,2.7293220162391663,1.5360127091407776,0.0,0.0,2.0,1.0,1.0,1.0,0.9972826086956522,1.0,0.9972826086956522,0.9972826086956522,1.0368501543998718,1.0030171275138855,1.0706831812858582,0.6964061558246613,0.3775406554341316,0.4137861579656601,0.3445766419172287,0.2485065869987011,0.8287203013896942,0.7578115463256836,1.0821082890033722,0.0,0.0037275986978784204,0.012430804083123803,0.015156230423599482,0.6492649912834167,0.518496036529541,1.0,1.0,1.0,1.0,1.0,1.0,1.0,0.5166987180709839,1.0,1.0,0.96875,0.9687160733672361,0.028532608695652217,1.0,0.9663299663299664,3,True,0.0001,3e-05,0.3,21.772907733917236,28.18359375,2.807197332382202,0.3992738723754883,0.4009428024291992,0.5934898853302002,4.201170444488525
36,1.6871646344661713,1.016304463148117,0.5352158397436142,0.5345429331064224,-0.0675108889117837,0.6911134272813797,1.0512470602989197,2.142768919467926,1.4852681159973145,0.0,0.0,2.0,1.0,1.0,0.9972826086956522,1.0,0.9972826086956522,1.0,0.9972826086956522,1.0512470602989197,1.0326616168022156,1.0698325634002686,0.6911134272813797,0.3686635121703148,0.43643713742494583,0.3439061716198921,0.2481384016573429,0.8161080926656723,0.7257896363735199,1.074219822883606,0.0,0.0037220758968032897,0.012241621036082506,0.014515792252495885,0.6445319205522537,0.5158735513687134,1.0,1.0,1.0,1.0,1.0,1.0,1.0,,,,,,,1.0,0.9663299663299664,3,True,0.0001,3e-05,0.3,21.773098468780518,28.18359375,3.365595817565918,0.40032291412353516,0.0,0.0,3.766170024871826
37,1.6807644665241241,1.01658034324646,0.5422772765159607,0.5270033925771713,-0.07330148853361607,0.6861745715141296,1.0446867942810059,2.1080783307552338,1.5145208239555359,0.0,0.0,2.0,1.0,1.0,1.0,0.9972826086956522,1.0,1.0,0.9945652173913043,1.0446867942810059,1.0168522596359253,1.0725213885307312,0.6861745715141296,0.3425576016306877,0.3999593183398247,0.3449992761015892,0.24797525629401207,0.8047093451023102,0.7235588580369949,1.068437933921814,0.0,0.0037196287303231657,0.012070639990270138,0.014471176546067,0.6410627961158752,0.5216625332832336,1.0,1.0,1.0,1.0,1.0,1.0,1.0,,,,,,,1.0,1.0,3,True,5e-05,1.5e-05,0.3,21.771732330322266,28.18359375,3.29785418510437,0.41120147705078125,0.0,0.0,3.7093045711517334
38,1.7076076865196228,1.0176633596420288,0.543328046798706,0.5270392596721649,0.005891714245080948,0.6881767958402634,1.066417396068573,1.79803267121315,1.5313623547554016,0.0,0.0,2.0,1.0,1.0,1.0,0.9972826086956522,1.0,1.0,0.9972826086956522,1.066417396068573,1.0421408414840698,1.0906939506530762,0.6881767958402634,0.3318401649594307,0.41434965282678604,0.3435467332601547,0.24657855555415154,0.7740728855133057,0.7067782282829285,1.0730127394199371,0.0,0.003698678221553564,0.011611093068495393,0.014135564211755991,0.643807664513588,0.5427384972572327,1.0,1.0,1.0,1.0,1.0,1.0,1.0,,,,,,,1.0,1.0,3,True,5e-05,1.5e-05,0.3,21.772907733917236,28.18359375,3.216761589050293,0.3994567394256592,0.0,0.0,3.616497039794922
39,1.7045531272888184,1.0173175930976868,0.5419250428676605,0.5282139480113983,0.013295793905854225,0.6832467317581177,1.0408945083618164,1.6759313941001892,1.4448087215423584,0.0,0.0,2.0,1.0,1.0,1.0,0.9972826086956522,1.0,1.0,0.9972826086956522,1.0408945083618164,1.0102056860923767,1.0715832114219666,0.6832467317581177,0.34563813358545303,0.44937197118997574,0.34254705905914307,0.24704169854521751,0.7697363793849945,0.687898725271225,1.0638947486877441,0.0,0.0037056253640912473,0.011546045308932662,0.013757974607869983,0.6383368819952011,0.5398670434951782,1.0,1.0,1.0,1.0,1.0,1.0,1.0,,,,,,,1.0,1.0,3,True,5e-05,1.5e-05,0.3,21.773098468780518,28.18359375,3.1111373901367188,0.39872050285339355,0.0,0.0,3.5100831985473633
40,1.6841872334480286,1.0066556632518768,0.535399928689003,0.5236174762248993,-0.016201023943722248,0.682391881942749,1.082497477531433,1.6113280653953552,1.5158931612968445,0.0,0.0,2.0,1.0,1.0,1.0,1.0,1.0,1.0,1.0,1.082497477531433,1.0190898776054382,1.1459050178527832,0.682391881942749,0.34086836874485016,0.4451080188155174,0.34322749078273773,0.24699577689170837,0.7684356421232224,0.6896315515041351,1.0627470314502716,0.0,0.0037049365346319973,0.011526534566655755,0.01379263075068593,0.6376482546329498,0.5221686959266663,1.0,1.0,1.0,1.0,1.0,1.0,1.0,0.5209187865257263,1.0,1.0,0.96875,0.9687160733672361,0.03125,1.0,1.0,3,True,5e-05,1.5e-05,0.3,21.771732330322266,28.18359375,3.34184193611145,0.39642882347106934,0.4039316177368164,0.6065771579742432,4.749051332473755
41,1.6790325343608856,1.0074445009231567,0.5311175882816315,0.5292521417140961,-0.022926608100533485,0.6784660220146179,1.076044738292694,1.4092682301998138,1.4649155139923096,0.0,0.0,2.0,1.0,1.0,1.0,1.0,1.0,1.0,1.0,1.076044738292694,1.0030152201652527,1.1490742564201355,0.6784660220146179,0.3318861275911331,0.39519575983285904,0.3437695577740669,0.2472560629248619,0.7457433789968491,0.665857583284378,1.0595203638076782,0.0,0.003708840871695429,0.01118615036830306,0.013317151460796595,0.6357122361660004,0.5120568871498108,1.0,1.0,1.0,1.0,1.0,1.0,1.0,,,,,,,1.0,1.0,3,True,5e-05,1.5e-05,0.3,21.772907733917236,28.18359375,2.9171969890594482,0.3986828327178955,0.0,0.0,3.3161826133728027
42,1.6804795861244202,1.0087122917175293,0.5368641018867493,0.5242758095264435,-0.02047276310622692,0.6779090911149979,1.0812320113182068,1.6295829117298126,1.4749669432640076,0.0,0.0,2.0,1.0,1.0,1.0,1.0,1.0,0.9972826086956522,1.0,1.0812320113182068,1.0091269612312317,1.1533371210098267,0.6779090911149979,0.3319692239165306,0.36954643577337265,0.3444393277168274,0.2465253323316574,0.7628868818283081,0.6620418280363083,1.0591612458229065,0.0,0.003697879903484136,0.011443302733823657,0.013240836095064878,0.6354967653751373,0.5095345973968506,1.0,1.0,1.0,1.0,1.0,1.0,1.0,,,,,,,1.0,1.0,3,True,5e-05,1.5e-05,0.3,21.773098468780518,28.18359375,2.9334816932678223,0.401688814163208,0.0,0.0,3.335404872894287
43,1.688294917345047,1.005479484796524,0.5338162779808044,0.5240702629089355,-0.0035966765135526657,0.683894470334053,1.0803877711296082,1.5250986516475677,1.5377201437950134,0.0,0.0,2.0,1.0,1.0,1.0,1.0,1.0,1.0,0.9972826086956522,1.0803877711296082,1.0497600436210632,1.1110155582427979,0.683894470334053,0.31463854014873505,0.3849765434861183,0.3434365838766098,0.24624181538820267,0.7510952800512314,0.6717702597379684,1.0691778361797333,0.0,0.003693627135362476,0.011266428977251053,0.013435404980555177,0.6415067166090012,0.504149854183197,1.0,1.0,1.0,1.0,1.0,1.0,1.0,,,,,,,1.0,1.0,3,True,5e-05,1.5e-05,0.3,21.771732330322266,28.18359375,2.9668900966644287,0.4010148048400879,0.0,0.0,3.3681418895721436
44,1.6881731748580933,1.002104640007019,0.5290598571300507,0.5256053358316422,0.00923419464379549,0.6832982748746872,1.0934292078018188,1.4658308923244476,1.4804117679595947,0.0,0.0,2.0,1.0,1.0,1.0,1.0,1.0,1.0,1.0,1.0934292078018188,1.0084068179130554,1.1784515380859375,0.6832982748746872,0.33499911427497864,0.38690663129091263,0.343485951423645,0.24627522379159927,0.7363729774951935,0.658466100692749,1.0682518482208252,0.0,0.003694128303322941,0.011045594466850162,0.013169321697205305,0.6409511268138885,0.5045620203018188,1.0,1.0,1.0,1.0,1.0,1.0,1.0,,,,,,,1.0,1.0,3,True,5e-05,1.5e-05,0.3,21.772907733917236,28.18359375,2.866029977798462,0.4001736640930176,0.0,0.0,3.2664403915405273
45,1.671217918395996,1.0096195340156555,0.5367831140756607,0.5253738015890121,-0.04960838705301285,0.6764809340238571,1.1112506985664368,1.424582600593567,1.518641710281372,0.0,0.0,2.0,1.0,1.0,0.9972826086956522,0.9972826086956522,0.9972826086956522,1.0,1.0,1.1112506985664368,1.065047264099121,1.1574541926383972,0.6764809340238571,0.33479463309049606,0.35733526945114136,0.34313201159238815,0.24593891575932503,0.7256208956241608,0.6419025808572769,1.0587114691734314,0.0,0.0036890836781822145,0.010884313145652413,0.012838051188737154,0.6352269053459167,0.5012916326522827,1.0,1.0,1.0,1.0,1.0,1.0,1.0,0.5025805830955505,1.0,1.0,1.0,1.0,0.0,1.0,1.0,3,True,5e-05,1.5e-05,0.3,21.773098468780518,28.18359375,3.0865097045898438,0.4009242057800293,0.4101235866546631,0.6046087741851807,4.50242805480957
46,1.675024390220642,1.0051730275154114,0.5307381004095078,0.5271499007940292,-0.02366786077618599,0.6769516915082932,1.0646961331367493,1.7966816127300262,1.4816261529922485,0.0,0.0,2.0,1.0,1.0,1.0,0.9972826086956522,1.0,1.0,0.9972826086956522,1.0646961331367493,0.9502712786197662,1.1791210174560547,0.6769516915082932,0.33344724029302597,0.37706921249628067,0.343183197081089,0.2453838773071766,0.7307851910591125,0.6458929479122162,1.0586349070072174,0.0,0.0036807580618187785,0.010961777530610561,0.012917858781293035,0.6351809650659561,0.5050649046897888,1.0,1.0,1.0,1.0,1.0,1.0,1.0,,,,,,,1.0,1.0,3,True,5e-05,1.5e-05,0.3,21.771732330322266,28.18359375,2.8705976009368896,0.4014272689819336,0.0,0.0,3.272329092025757
47,1.660441905260086,1.0023930817842484,0.5286216288805008,0.526412770152092,-0.03739248961210251,0.6692665666341782,1.1248195171356201,1.2161371409893036,1.5634915828704834,0.0,0.0,2.0,1.0,1.0,1.0,1.0,1.0,1.0,0.9972826086956522,1.1248195171356201,1.0618025064468384,1.1878364086151123,0.6692665666341782,0.31803610920906067,0.38884393870830536,0.3436543941497803,0.2458707094192505,0.7130094468593597,0.6266277432441711,1.0470220148563385,0.0,0.0036880605621263385,0.010695141507312655,0.012532554566860199,0.6282132267951965,0.503909170627594,1.0,1.0,1.0,1.0,1.0,1.0,1.0,,,,,,,1.0,1.0,3,True,5e-05,1.5e-05,0.3,21.772907733917236,28.18359375,2.9199893474578857,0.40234947204589844,0.0,0.0,3.3225815296173096
48,1.6686762869358063,1.0085573196411133,0.5362719297409058,0.5247615724802017,-0.054582640528678894,0.6764937192201614,1.054012417793274,1.5400501787662506,1.4815746545791626,0.0,0.0,2.0,1.0,1.0,1.0,0.9972826086956522,1.0,1.0,0.9972826086956522,1.054012417793274,1.0437995195388794,1.064225196838379,0.6764937192201614,0.3132713586091995,0.3783491179347038,0.3433622047305107,0.24492714181542397,0.6927526742219925,0.6178952604532242,1.06039696931839,0.0,0.0036739070201292634,0.010391290066763759,0.01235790504142642,0.6362382024526596,0.5046455264091492,1.0,1.0,1.0,1.0,1.0,1.0,1.0,,,,,,,1.0,1.0,3,True,5e-05,1.5e-05,0.3,21.773098468780518,28.18359375,3.119143486022949,0.40210795402526855,0.0,0.0,3.521489143371582
49,1.6572732627391815,1.0065480321645737,0.5359994173049927,0.5228318125009537,-0.07295162789523602,0.6726107448339462,1.1374540328979492,1.6045229136943817,1.5159343481063843,0.0,0.0,2.0,1.0,1.0,1.0,1.0,1.0,0.9972826086956522,1.0,1.1374540328979492,1.095226526260376,1.1796815395355225,0.6726107448339462,0.3374002128839493,0.3630565255880356,0.3433832973241806,0.2440527267754078,0.7224932312965393,0.6275971233844757,1.0525857508182526,0.0,0.0036607907968573272,0.010837398236617446,0.012551942374557257,0.6315514743328094,0.5032410621643066,1.0,1.0,1.0,1.0,1.0,1.0,1.0,,,,,,,1.0,1.0,3,True,5e-05,1.5e-05,0.3,21.771732330322266,28.18359375,2.984678030014038,0.39533257484436035,0.0,0.0,3.3802857398986816
50,1.6649771630764008,1.007966548204422,0.5329418182373047,0.5278052538633347,-0.05491138808429241,0.6734839975833893,1.065524399280548,1.4915063977241516,1.4246169328689575,0.0,0.0,2.0,1.0,1.0,1.0,1.0,1.0,1.0,1.0,1.065524399280548,1.0291184186935425,1.101930320262909,0.6734839975833893,0.31332845985889435,0.3569371998310089,0.3433799147605896,0.2441946268081665,0.7233959585428238,0.6286377608776093,1.0549867451190948,0.0,0.003662919334601611,0.010850939201191068,0.012572755105793476,0.6329920589923859,0.5043816566467285,1.0,1.0,1.0,1.0,1.0,1.0,1.0,0.5031484365463257,1.0,1.0,1.0,1.0,0.0,1.0,1.0,3,True,2.5e-05,7.5e-06,0.3,21.772907733917236,28.18359375,2.952251434326172,0.4005622863769531,0.40442323684692383,0.5976946353912354,4.355201244354248
