run_dir,run,variant,domain,iteration,seed,metrics_path,epochs,best_epoch,best_val_acc,best_val_precision,best_val_recall,best_val_f1,best_train_full_acc,generalization_gap,feature_embeddings,result_path,best_train_dual_d_contrastive,best_train_dual_d_generator_total,best_train_dual_d_prototype_contrastive,best_train_dual_d_adv_auxiliary,best_train_dual_d_classification_feedback,best_train_dual_d_identity,best_train_dual_d_adv_primary,best_train_acc_source_like,best_train_acc_target_like,best_train_dual_d_cycle
runs\module_c_ablation_60_v4\module_c_20260826_164328\module_c_full_逆光_20260826_164329,module_c_full_逆光_20260826_164329/metrics_iter01,full,逆光,1,45,runs\module_c_ablation_60_v4\module_c_20260826_164328\module_c_full_逆光_20260826_164329\metrics_iter01.csv,53,38.0,1.0,1.0,1.0,1.0,,,runs\module_c_ablation_60_v4\module_c_20260826_164328\module_c_full_逆光_20260826_164329\feature_embeddings_iter01.npz,runs\module_c_ablation_60_v4\module_c_20260826_164328\module_c_full_逆光_20260826_164329\result_summary_iter01.json,1.3266222874323528,1.1549650033315022,1.3087158203125,0.81456325451533,1.647780458132426,0.23719907800356546,0.8543877204259237,0.9583333333333334,0.9041666666666667,0.28110067049662274
runs\module_c_ablation_60_v4\module_c_20260826_164328\module_c_full_逆光_20260826_164329,module_c_full_逆光_20260826_164329/metrics_iter02,full,逆光,2,46,runs\module_c_ablation_60_v4\module_c_20260826_164328\module_c_full_逆光_20260826_164329\metrics_iter02.csv,48,33.0,0.972972972972973,0.9777777777777779,0.9861111111111112,0.980246913580247,,,runs\module_c_ablation_60_v4\module_c_20260826_164328\module_c_full_逆光_20260826_164329\feature_embeddings_iter02.npz,runs\module_c_ablation_60_v4\module_c_20260826_164328\module_c_full_逆光_20260826_164329\result_summary_iter02.json,1.4180687268575032,1.3338085015614827,1.4375041723251343,1.1941309372584026,1.9464871486028035,0.24515801668167114,0.7828022837638855,0.8625,0.8583333333333333,0.29067566990852356
runs\module_c_ablation_60_v4\module_c_20260826_164328\module_c_full_逆光_20260826_164329,module_c_full_逆光_20260826_164329/metrics_iter03,full,逆光,3,47,runs\module_c_ablation_60_v4\module_c_20260826_164328\module_c_full_逆光_20260826_164329\metrics_iter03.csv,59,44.0,1.0,1.0,1.0,1.0,,,runs\module_c_ablation_60_v4\module_c_20260826_164328\module_c_full_逆光_20260826_164329\feature_embeddings_iter03.npz,runs\module_c_ablation_60_v4\module_c_20260826_164328\module_c_full_逆光_20260826_164329\result_summary_iter03.json,1.30086616675059,1.1583636204401653,1.2687679131825764,0.5558883349100748,1.6998880704243977,0.23922832310199738,0.6129043698310852,0.9625,0.9083333333333333,0.27914586663246155
runs\module_c_ablation_60_v4\module_c_20260826_164328\module_c_full_雨天_20260826_164329,module_c_full_雨天_20260826_164329/metrics_iter01,full,雨天,1,51,runs\module_c_ablation_60_v4\module_c_20260826_164328\module_c_full_雨天_20260826_164329\metrics_iter01.csv,60,55.0,0.8076923076923077,0.9074074074074074,0.8833333333333333,0.8618233618233617,0.84375,0.03605769230769229,runs\module_c_ablation_60_v4\module_c_20260826_164328\module_c_full_雨天_20260826_164329\feature_embeddings_iter01.npz,runs\module_c_ablation_60_v4\module_c_20260826_164328\module_c_full_雨天_20260826_164329\result_summary_iter01.json,1.0427188873291016,1.0734267234802246,0.9968594312667847,0.4641856253147125,1.5743144353230794,0.23909726242224374,1.0548110008239746,0.9583333333333334,0.9416666666666667,0.28038641810417175
runs\module_c_ablation_60_v4\module_c_20260826_164328\module_c_full_雨天_20260826_164329,module_c_full_雨天_20260826_164329/metrics_iter02,full,雨天,2,52,runs\module_c_ablation_60_v4\module_c_20260826_164328\module_c_full_雨天_20260826_164329\metrics_iter02.csv,60,49.0,0.8076923076923077,0.8888888888888888,0.8833333333333333,0.8552188552188551,,,runs\module_c_ablation_60_v4\module_c_20260826_164328\module_c_full_雨天_20260826_164329\feature_embeddings_iter02.npz,runs\module_c_ablation_60_v4\module_c_20260826_164328\module_c_full_雨天_20260826_164329\result_summary_iter02.json,0.9099065264066061,1.0176802078882854,0.8726114432017008,0.7890681823094686,1.5245760281880696,0.2421510616938273,0.49382444222768146,0.9833333333333333,0.975,0.2607877453168233
runs\module_c_ablation_60_v4\module_c_20260826_164328\module_c_full_雨天_20260826_164329,module_c_full_雨天_20260826_164329/metrics_iter03,full,雨天,3,53,runs\module_c_ablation_60_v4\module_c_20260826_164328\module_c_full_雨天_20260826_164329\metrics_iter03.csv,43,28.0,0.9615384615384616,0.9666666666666667,0.9666666666666667,0.9629629629629629,,,runs\module_c_ablation_60_v4\module_c_20260826_164328\module_c_full_雨天_20260826_164329\feature_embeddings_iter03.npz,runs\module_c_ablation_60_v4\module_c_20260826_164328\module_c_full_雨天_20260826_164329\result_summary_iter03.json,1.042672038078308,1.0791924794514973,1.0180720488230388,0.8811377882957458,1.5506885051727295,0.23734601338704428,1.1460800170898438,0.9833333333333333,0.9291666666666667,0.27404669920603436
runs\module_c_ablation_60_v4\module_c_20260826_164328\module_c_full_雾天_20260826_164329,module_c_full_雾天_20260826_164329/metrics_iter01,full,雾天,1,48,runs\module_c_ablation_60_v4\module_c_20260826_164328\module_c_full_雾天_20260826_164329\metrics_iter01.csv,54,47.0,0.9848484848484849,0.9876190476190475,0.9801587301587301,0.9830499893991956,,,runs\module_c_ablation_60_v4\module_c_20260826_164328\module_c_full_雾天_20260826_164329\feature_embeddings_iter01.npz,runs\module_c_ablation_60_v4\module_c_20260826_164328\module_c_full_雾天_20260826_164329\result_summary_iter01.json,0.9633435777255467,1.0302858693259103,0.8084155235971723,0.39776287760053364,1.6094687155314855,0.21131051012447902,0.6350675736154828,0.9857142857142858,0.9928571428571429,0.21108045535428183
runs\module_c_ablation_60_v4\module_c_20260826_164328\module_c_full_雾天_20260826_164329,module_c_full_雾天_20260826_164329/metrics_iter02,full,雾天,2,49,runs\module_c_ablation_60_v4\module_c_20260826_164328\module_c_full_雾天_20260826_164329\metrics_iter02.csv,53,38.0,0.9772727272727273,0.9684900284900285,0.9718762718762718,0.968654159937453,,,runs\module_c_ablation_60_v4\module_c_20260826_164328\module_c_full_雾天_20260826_164329\feature_embeddings_iter02.npz,runs\module_c_ablation_60_v4\module_c_20260826_164328\module_c_full_雾天_20260826_164329\result_summary_iter02.json,1.2310785395758492,1.1211496250970023,1.1072570255824499,0.5427620751517159,1.70293242590768,0.21543138367789133,0.48240645442690167,0.9517857142857142,0.9678571428571429,0.23167086924825395
runs\module_c_ablation_60_v4\module_c_20260826_164328\module_c_full_雾天_20260826_164329,module_c_full_雾天_20260826_164329/metrics_iter03,full,雾天,3,50,runs\module_c_ablation_60_v4\module_c_20260826_164328\module_c_full_雾天_20260826_164329\metrics_iter03.csv,60,53.0,0.9848484848484849,0.9876190476190475,0.9801587301587301,0.9830499893991956,,,runs\module_c_ablation_60_v4\module_c_20260826_164328\module_c_full_雾天_20260826_164329\feature_embeddings_iter03.npz,runs\module_c_ablation_60_v4\module_c_20260826_164328\module_c_full_雾天_20260826_164329\result_summary_iter03.json,0.9579738293375287,1.0119873796190535,0.7958495702062335,0.3699536493846348,1.5890680381229945,0.20578293928078242,0.5161725665841784,0.9910714285714286,0.9892857142857143,0.2068886991058077
runs\module_c_ablation_60_v4\module_c_20260826_164328\module_c_full_黑天_20260826_164329,module_c_full_黑天_20260826_164329/metrics_iter01,full,黑天,1,42,runs\module_c_ablation_60_v4\module_c_20260826_164328\module_c_full_黑天_20260826_164329\metrics_iter01.csv,41,26.0,0.9666666666666667,0.928228021978022,0.9611013986013986,0.9367649893965683,,,runs\module_c_ablation_60_v4\module_c_20260826_164328\module_c_full_黑天_20260826_164329\feature_embeddings_iter01.npz,runs\module_c_ablation_60_v4\module_c_20260826_164328\module_c_full_黑天_20260826_164329\result_summary_iter01.json,0.8877359529336294,0.8089146216710409,0.7715966602166494,0.5123835802078247,1.1745807528495789,0.21863550692796707,0.41059812903404236,0.9916666666666667,0.9895833333333334,0.2294842650492986
runs\module_c_ablation_60_v4\module_c_20260826_164328\module_c_full_黑天_20260826_164329,module_c_full_黑天_20260826_164329/metrics_iter02,full,黑天,2,43,runs\module_c_ablation_60_v4\module_c_20260826_164328\module_c_full_黑天_20260826_164329\metrics_iter02.csv,60,54.0,0.9416666666666667,0.9114583333333334,0.951955057137984,0.9259125520577818,,,runs\module_c_ablation_60_v4\module_c_20260826_164328\module_c_full_黑天_20260826_164329\feature_embeddings_iter02.npz,runs\module_c_ablation_60_v4\module_c_20260826_164328\module_c_full_黑天_20260826_164329\result_summary_iter02.json,0.5391727288564047,0.7086499333381653,0.4231473406155904,0.38562114040056866,1.0978739261627197,0.22477417439222336,0.5169007033109665,1.0,1.0,0.1788619632522265
runs\module_c_ablation_60_v4\module_c_20260826_164328\module_c_full_黑天_20260826_164329,module_c_full_黑天_20260826_164329/metrics_iter03,full,黑天,3,44,runs\module_c_ablation_60_v4\module_c_20260826_164328\module_c_full_黑天_20260826_164329\metrics_iter03.csv,50,35.0,0.975,0.9525786713286714,0.9807798908408665,0.9644283185949852,0.9849462365591398,0.009946236559139843,runs\module_c_ablation_60_v4\module_c_20260826_164328\module_c_full_黑天_20260826_164329\feature_embeddings_iter03.npz,runs\module_c_ablation_60_v4\module_c_20260826_164328\module_c_full_黑天_20260826_164329\result_summary_iter03.json,0.671093205610911,0.7464608252048492,0.5560397605101267,0.4921743224064509,1.1173492272694905,0.22005613148212433,0.5051575154066086,0.9979166666666667,0.9895833333333334,0.20309216529130936
runs\module_c_ablation_60_v4\module_c_20260826_164328\module_c_no_classification_feedback_逆光_20260826_211522,module_c_no_classification_feedback_逆光_20260826_211522/metrics_iter01,no_classification_feedback,逆光,1,45,runs\module_c_ablation_60_v4\module_c_20260826_164328\module_c_no_classification_feedback_逆光_20260826_211522\metrics_iter01.csv,43,28.0,0.972972972972973,0.9777777777777779,0.9814814814814815,0.9775533108866442,,,runs\module_c_ablation_60_v4\module_c_20260826_164328\module_c_no_classification_feedback_逆光_20260826_211522\feature_embeddings_iter01.npz,runs\module_c_ablation_60_v4\module_c_20260826_164328\module_c_no_classification_feedback_逆光_20260826_211522\result_summary_iter01.json,1.5705724557240803,0.3304680983225505,1.5988259712855022,0.6819382111231486,2.2160521348317466,0.24634342392285666,0.6366228461265564,0.8083333333333333,0.8,0.20401265223821005
runs\module_c_ablation_60_v4\module_c_20260826_164328\module_c_no_classification_feedback_逆光_20260826_211522,module_c_no_classification_feedback_逆光_20260826_211522/metrics_iter02,no_classification_feedback,逆光,2,46,runs\module_c_ablation_60_v4\module_c_20260826_164328\module_c_no_classification_feedback_逆光_20260826_211522\metrics_iter02.csv,49,34.0,0.972972972972973,0.9777777777777779,0.9861111111111112,0.980246913580247,,,runs\module_c_ablation_60_v4\module_c_20260826_164328\module_c_no_classification_feedback_逆光_20260826_211522\feature_embeddings_iter02.npz,runs\module_c_ablation_60_v4\module_c_20260826_164328\module_c_no_classification_feedback_逆光_20260826_211522\result_summary_iter02.json,1.4613529046376545,0.3048759301503499,1.4677274227142334,0.7411872744560242,1.996497909228007,0.2666596670945485,0.5100912551085154,0.8833333333333333,0.8541666666666666,0.17874566713968912
runs\module_c_ablation_60_v4\module_c_20260826_164328\module_c_no_classification_feedback_逆光_20260826_211522,module_c_no_classification_feedback_逆光_20260826_211522/metrics_iter03,no_classification_feedback,逆光,3,47,runs\module_c_ablation_60_v4\module_c_20260826_164328\module_c_no_classification_feedback_逆光_20260826_211522\metrics_iter03.csv,59,44.0,1.0,1.0,1.0,1.0,,,runs\module_c_ablation_60_v4\module_c_20260826_164328\module_c_no_classification_feedback_逆光_20260826_211522\feature_embeddings_iter03.npz,runs\module_c_ablation_60_v4\module_c_20260826_164328\module_c_no_classification_feedback_逆光_20260826_211522\result_summary_iter03.json,1.2329192161560059,0.25025321046511334,1.195381999015808,0.3238706588745117,1.670548439025879,0.262225478887558,0.4367194374402364,0.9666666666666667,0.9125,0.167562926808993
runs\module_c_ablation_60_v4\module_c_20260826_164328\module_c_no_classification_feedback_雨天_20260826_211522,module_c_no_classification_feedback_雨天_20260826_211522/metrics_iter01,no_classification_feedback,雨天,1,51,runs\module_c_ablation_60_v4\module_c_20260826_164328\module_c_no_classification_feedback_雨天_20260826_211522\metrics_iter01.csv,35,20.0,0.6923076923076923,0.7976190476190476,0.7583333333333333,0.6848484848484847,0.6354166666666666,-0.05689102564102566,runs\module_c_ablation_60_v4\module_c_20260826_164328\module_c_no_classification_feedback_雨天_20260826_211522\feature_embeddings_iter01.npz,runs\module_c_ablation_60_v4\module_c_20260826_164328\module_c_no_classification_feedback_雨天_20260826_211522\result_summary_iter01.json,1.4290355046590169,0.3178279201189677,1.466744065284729,0.47102534770965576,2.2916961510976157,0.24505120515823364,1.076047460238139,0.7833333333333333,0.8083333333333333,0.2321631908416748
runs\module_c_ablation_60_v4\module_c_20260826_164328\module_c_no_classification_feedback_雨天_20260826_211522,module_c_no_classification_feedback_雨天_20260826_211522/metrics_iter02,no_classification_feedback,雨天,2,52,runs\module_c_ablation_60_v4\module_c_20260826_164328\module_c_no_classification_feedback_雨天_20260826_211522\metrics_iter02.csv,60,50.0,0.8846153846153846,0.9166666666666665,0.9249999999999999,0.9091871091871092,0.8958333333333334,0.011217948717948789,runs\module_c_ablation_60_v4\module_c_20260826_164328\module_c_no_classification_feedback_雨天_20260826_211522\feature_embeddings_iter02.npz,runs\module_c_ablation_60_v4\module_c_20260826_164328\module_c_no_classification_feedback_雨天_20260826_211522\result_summary_iter02.json,0.7907400131225586,0.18940579891204834,0.706117570400238,0.5115726391474406,1.5008136828740437,0.28163623809814453,0.36012187600135803,0.9791666666666666,0.9708333333333333,0.15510781606038412
runs\module_c_ablation_60_v4\module_c_20260826_164328\module_c_no_classification_feedback_雨天_20260826_211522,module_c_no_classification_feedback_雨天_20260826_211522/metrics_iter03,no_classification_feedback,雨天,3,53,runs\module_c_ablation_60_v4\module_c_20260826_164328\module_c_no_classification_feedback_雨天_20260826_211522\metrics_iter03.csv,56,41.0,1.0,1.0,1.0,1.0,,,runs\module_c_ablation_60_v4\module_c_20260826_164328\module_c_no_classification_feedback_雨天_20260826_211522\feature_embeddings_iter03.npz,runs\module_c_ablation_60_v4\module_c_20260826_164328\module_c_no_classification_feedback_雨天_20260826_211522\result_summary_iter03.json,0.8544875780741373,0.2056392083565394,0.7674364844957987,0.593802014986674,1.473159631093343,0.2811792194843292,0.5201464394728342,0.9958333333333333,0.9541666666666667,0.1541977177063624
runs\module_c_ablation_60_v4\module_c_20260826_164328\module_c_no_classification_feedback_雾天_20260826_211522,module_c_no_classification_feedback_雾天_20260826_211522/metrics_iter01,no_classification_feedback,雾天,1,48,runs\module_c_ablation_60_v4\module_c_20260826_164328\module_c_no_classification_feedback_雾天_20260826_211522\metrics_iter01.csv,60,53.0,0.9696969696969697,0.9674170274170275,0.967908017908018,0.9656111946722654,,,runs\module_c_ablation_60_v4\module_c_20260826_164328\module_c_no_classification_feedback_雾天_20260826_211522\feature_embeddings_iter01.npz,runs\module_c_ablation_60_v4\module_c_20260826_164328\module_c_no_classification_feedback_雾天_20260826_211522\result_summary_iter01.json,1.0661893572126115,0.20235616607325418,0.8984981775283813,0.3245451365198408,1.6737845965794154,0.349088511296681,0.5140719498906817,0.9535714285714286,0.9785714285714285,0.10011791118553706
runs\module_c_ablation_60_v4\module_c_20260826_164328\module_c_no_classification_feedback_雾天_20260826_211522,module_c_no_classification_feedback_雾天_20260826_211522/metrics_iter02,no_classification_feedback,雾天,2,49,runs\module_c_ablation_60_v4\module_c_20260826_164328\module_c_no_classification_feedback_雾天_20260826_211522\metrics_iter02.csv,55,40.0,0.9696969696969697,0.9643874643874645,0.9676434676434675,0.9642453020230799,0.9704142011834319,0.0007172314864621887,runs\module_c_ablation_60_v4\module_c_20260826_164328\module_c_no_classification_feedback_雾天_20260826_211522\feature_embeddings_iter02.npz,runs\module_c_ablation_60_v4\module_c_20260826_164328\module_c_no_classification_feedback_雾天_20260826_211522\result_summary_iter02.json,1.1525773661477225,0.20782157140118734,1.008900455066136,0.32315817901066374,1.724015235900879,0.3439776471682957,0.3169750102928707,0.9553571428571429,0.9607142857142857,0.09785590853009905
runs\module_c_ablation_60_v4\module_c_20260826_164328\module_c_no_classification_feedback_雾天_20260826_211522,module_c_no_classification_feedback_雾天_20260826_211522/metrics_iter03,no_classification_feedback,雾天,3,50,runs\module_c_ablation_60_v4\module_c_20260826_164328\module_c_no_classification_feedback_雾天_20260826_211522\metrics_iter03.csv,60,52.0,0.9621212121212122,0.9704487179487179,0.9685185185185186,0.9675774730370112,,,runs\module_c_ablation_60_v4\module_c_20260826_164328\module_c_no_classification_feedback_雾天_20260826_211522\feature_embeddings_iter03.npz,runs\module_c_ablation_60_v4\module_c_20260826_164328\module_c_no_classification_feedback_雾天_20260826_211522\result_summary_iter03.json,0.9892000555992126,0.18365714166845595,0.7969036102294922,0.30523377444062916,1.6511091675077165,0.33807038409369333,0.4687186394418989,0.9714285714285714,0.9839285714285714,0.0886748656630516
runs\module_c_ablation_60_v4\module_c_20260826_164328\module_c_no_classification_feedback_黑天_20260826_211522,module_c_no_classification_feedback_黑天_20260826_211522/metrics_iter01,no_classification_feedback,黑天,1,42,runs\module_c_ablation_60_v4\module_c_20260826_164328\module_c_no_classification_feedback_黑天_20260826_211522\metrics_iter01.csv,60,58.0,0.9833333333333333,0.9639423076923077,0.9838286713286714,0.9713827838827839,,,runs\module_c_ablation_60_v4\module_c_20260826_164328\module_c_no_classification_feedback_黑天_20260826_211522\feature_embeddings_iter01.npz,runs\module_c_ablation_60_v4\module_c_20260826_164328\module_c_no_classification_feedback_黑天_20260826_211522\result_summary_iter01.json,0.4503909150759379,0.1192165141304334,0.32726462682088214,0.48562806844711304,1.087041179339091,0.2853769262631734,0.4418827642997106,0.9979166666666667,0.9979166666666667,0.07817292337616284
runs\module_c_ablation_60_v4\module_c_20260826_164328\module_c_no_classification_feedback_黑天_20260826_211522,module_c_no_classification_feedback_黑天_20260826_211522/metrics_iter02,no_classification_feedback,黑天,2,43,runs\module_c_ablation_60_v4\module_c_20260826_164328\module_c_no_classification_feedback_黑天_20260826_211522\metrics_iter02.csv,49,34.0,0.8916666666666667,0.833675193050193,0.926626726931605,0.8615739225313693,,,runs\module_c_ablation_60_v4\module_c_20260826_164328\module_c_no_classification_feedback_黑天_20260826_211522\feature_embeddings_iter02.npz,runs\module_c_ablation_60_v4\module_c_20260826_164328\module_c_no_classification_feedback_黑天_20260826_211522\result_summary_iter02.json,0.8511190116405487,0.17800435920556387,0.7228869994481405,0.31852415204048157,1.1983236074447632,0.32616186141967773,0.4765949994325638,0.9708333333333333,0.99375,0.10863282158970833
runs\module_c_ablation_60_v4\module_c_20260826_164328\module_c_no_classification_feedback_黑天_20260826_211522,module_c_no_classification_feedback_黑天_20260826_211522/metrics_iter03,no_classification_feedback,黑天,3,44,runs\module_c_ablation_60_v4\module_c_20260826_164328\module_c_no_classification_feedback_黑天_20260826_211522\metrics_iter03.csv,55,40.0,0.975,0.9525786713286714,0.9807798908408665,0.9644283185949852,0.9849462365591398,0.009946236559139843,runs\module_c_ablation_60_v4\module_c_20260826_164328\module_c_no_classification_feedback_黑天_20260826_211522\feature_embeddings_iter03.npz,runs\module_c_ablation_60_v4\module_c_20260826_164328\module_c_no_classification_feedback_黑天_20260826_211522\result_summary_iter03.json,0.6732199192047119,0.15407141794761023,0.5507631003856659,0.4301975518465042,1.1403116981188457,0.3487633814414342,0.43623822927474976,0.9916666666666667,0.9916666666666667,0.09315787628293037
runs\module_c_ablation_60_v4\module_c_20260826_164328\module_c_no_cycle_逆光_20260826_173642,module_c_no_cycle_逆光_20260826_173642/metrics_iter01,no_cycle,逆光,1,45,runs\module_c_ablation_60_v4\module_c_20260826_164328\module_c_no_cycle_逆光_20260826_173642\metrics_iter01.csv,60,45.0,1.0,1.0,1.0,1.0,1.0,0.0,runs\module_c_ablation_60_v4\module_c_20260826_164328\module_c_no_cycle_逆光_20260826_173642\feature_embeddings_iter01.npz,runs\module_c_ablation_60_v4\module_c_20260826_164328\module_c_no_cycle_逆光_20260826_173642\result_summary_iter01.json,1.2656014760335286,1.0259442726771038,1.2219434181849163,0.7496274709701538,1.6037658055623372,0.2555281420548757,0.6985444823900858,0.9708333333333333,0.925,0.35773547490437824
runs\module_c_ablation_60_v4\module_c_20260826_164328\module_c_no_cycle_逆光_20260826_173642,module_c_no_cycle_逆光_20260826_173642/metrics_iter02,no_cycle,逆光,2,46,runs\module_c_ablation_60_v4\module_c_20260826_164328\module_c_no_cycle_逆光_20260826_173642\metrics_iter02.csv,39,24.0,1.0,1.0,1.0,1.0,,,runs\module_c_ablation_60_v4\module_c_20260826_164328\module_c_no_cycle_逆光_20260826_173642\feature_embeddings_iter02.npz,runs\module_c_ablation_60_v4\module_c_20260826_164328\module_c_no_cycle_逆光_20260826_173642\result_summary_iter02.json,1.5786161820093791,1.3873271544774373,1.6268699169158936,1.3686720132827759,2.1873435179392495,0.25782638788223267,0.7727152506510416,0.8666666666666667,0.775,0.34601476788520813
runs\module_c_ablation_60_v4\module_c_20260826_164328\module_c_no_cycle_逆光_20260826_173642,module_c_no_cycle_逆光_20260826_173642/metrics_iter03,no_cycle,逆光,3,47,runs\module_c_ablation_60_v4\module_c_20260826_164328\module_c_no_cycle_逆光_20260826_173642\metrics_iter03.csv,29,14.0,0.9459459459459459,0.961904761904762,0.9675925925925927,0.9615988949322283,,,runs\module_c_ablation_60_v4\module_c_20260826_164328\module_c_no_cycle_逆光_20260826_173642\feature_embeddings_iter03.npz,runs\module_c_ablation_60_v4\module_c_20260826_164328\module_c_no_cycle_逆光_20260826_173642\result_summary_iter03.json,1.8341099818547566,1.8375553290049236,1.9169059594472249,0.6904295086860657,3.1088051795959473,0.2610606253147125,0.8469529747962952,0.575,0.5791666666666667,0.3534855047861735
runs\module_c_ablation_60_v4\module_c_20260826_164328\module_c_no_cycle_雨天_20260826_173642,module_c_no_cycle_雨天_20260826_173642/metrics_iter01,no_cycle,雨天,1,51,runs\module_c_ablation_60_v4\module_c_20260826_164328\module_c_no_cycle_雨天_20260826_173642\metrics_iter01.csv,60,55.0,0.8461538461538461,0.9166666666666666,0.9041666666666667,0.8874643874643874,0.90625,0.060096153846153855,runs\module_c_ablation_60_v4\module_c_20260826_164328\module_c_no_cycle_雨天_20260826_173642\feature_embeddings_iter01.npz,runs\module_c_ablation_60_v4\module_c_20260826_164328\module_c_no_cycle_雨天_20260826_173642\result_summary_iter01.json,0.954442024230957,0.9449232220649719,0.9105483690897623,0.4611564477284749,1.5205982526143391,0.25188132127126056,1.02178555727005,0.9625,0.9541666666666667,0.34108902017275494
runs\module_c_ablation_60_v4\module_c_20260826_164328\module_c_no_cycle_雨天_20260826_173642,module_c_no_cycle_雨天_20260826_173642/metrics_iter02,no_cycle,雨天,2,52,runs\module_c_ablation_60_v4\module_c_20260826_164328\module_c_no_cycle_雨天_20260826_173642\metrics_iter02.csv,35,14.0,0.6923076923076923,0.8535353535353534,0.8083333333333332,0.7625000000000001,,,runs\module_c_ablation_60_v4\module_c_20260826_164328\module_c_no_cycle_雨天_20260826_173642\feature_embeddings_iter02.npz,runs\module_c_ablation_60_v4\module_c_20260826_164328\module_c_no_cycle_雨天_20260826_173642\result_summary_iter02.json,1.4490460952123005,1.3222192923227947,1.47817063331604,0.8877503871917725,2.1926549275716147,0.2676897943019867,0.495043287674586,0.7875,0.7416666666666667,0.3441022038459778
runs\module_c_ablation_60_v4\module_c_20260826_164328\module_c_no_cycle_雨天_20260826_173642,module_c_no_cycle_雨天_20260826_173642/metrics_iter03,no_cycle,雨天,3,53,runs\module_c_ablation_60_v4\module_c_20260826_164328\module_c_no_cycle_雨天_20260826_173642\metrics_iter03.csv,49,34.0,1.0,1.0,1.0,1.0,,,runs\module_c_ablation_60_v4\module_c_20260826_164328\module_c_no_cycle_雨天_20260826_173642\feature_embeddings_iter03.npz,runs\module_c_ablation_60_v4\module_c_20260826_164328\module_c_no_cycle_雨天_20260826_173642\result_summary_iter03.json,0.8981636563936869,0.9216786026954651,0.8629177212715149,0.7545671661694845,1.4833431641260784,0.24784678717454275,0.7890195647875468,0.9833333333333333,0.9541666666666667,0.3356412450472514
runs\module_c_ablation_60_v4\module_c_20260826_164328\module_c_no_cycle_雾天_20260826_173642,module_c_no_cycle_雾天_20260826_173642/metrics_iter01,no_cycle,雾天,1,48,runs\module_c_ablation_60_v4\module_c_20260826_164328\module_c_no_cycle_雾天_20260826_173642\metrics_iter01.csv,60,46.0,0.9772727272727273,0.9835164835164836,0.976190476190476,0.9787780943336499,,,runs\module_c_ablation_60_v4\module_c_20260826_164328\module_c_no_cycle_雾天_20260826_173642\feature_embeddings_iter01.npz,runs\module_c_ablation_60_v4\module_c_20260826_164328\module_c_no_cycle_雾天_20260826_173642\result_summary_iter01.json,0.9471924475261143,0.9538466504641941,0.7970954520361764,0.4396252717290606,1.5884972299848283,0.2373983668429511,0.6489982690129962,0.9839285714285714,0.9857142857142858,0.3338356060641153
runs\module_c_ablation_60_v4\module_c_20260826_164328\module_c_no_cycle_雾天_20260826_173642,module_c_no_cycle_雾天_20260826_173642/metrics_iter02,no_cycle,雾天,2,49,runs\module_c_ablation_60_v4\module_c_20260826_164328\module_c_no_cycle_雾天_20260826_173642\metrics_iter02.csv,48,34.0,0.9621212121212122,0.9659259259259261,0.9685185185185186,0.9651398545363552,,,runs\module_c_ablation_60_v4\module_c_20260826_164328\module_c_no_cycle_雾天_20260826_173642\feature_embeddings_iter02.npz,runs\module_c_ablation_60_v4\module_c_20260826_164328\module_c_no_cycle_雾天_20260826_173642\result_summary_iter02.json,1.2709486484527588,1.0697198935917445,1.1494239057813371,0.5944530623299735,1.732165813446045,0.23743699065276555,0.47637658034052166,0.9428571428571428,0.9607142857142857,0.32554935983249117
runs\module_c_ablation_60_v4\module_c_20260826_164328\module_c_no_cycle_雾天_20260826_173642,module_c_no_cycle_雾天_20260826_173642/metrics_iter03,no_cycle,雾天,3,50,runs\module_c_ablation_60_v4\module_c_20260826_164328\module_c_no_cycle_雾天_20260826_173642\metrics_iter03.csv,59,57.0,0.9772727272727273,0.9807407407407409,0.9764550264550265,0.9773454686287616,,,runs\module_c_ablation_60_v4\module_c_20260826_164328\module_c_no_cycle_雾天_20260826_173642\feature_embeddings_iter03.npz,runs\module_c_ablation_60_v4\module_c_20260826_164328\module_c_no_cycle_雾天_20260826_173642\result_summary_iter03.json,0.8297761508396694,0.9034809214728219,0.6419178077152797,0.37142287833350046,1.5414493765149797,0.23262730879443033,0.49032597882407053,0.9964285714285714,0.9964285714285714,0.3240806588104793
runs\module_c_ablation_60_v4\module_c_20260826_164328\module_c_no_cycle_黑天_20260826_173642,module_c_no_cycle_黑天_20260826_173642/metrics_iter01,no_cycle,黑天,1,42,runs\module_c_ablation_60_v4\module_c_20260826_164328\module_c_no_cycle_黑天_20260826_173642\metrics_iter01.csv,41,36.0,0.95,0.903228021978022,0.9550038376257889,0.9236149267399267,,,runs\module_c_ablation_60_v4\module_c_20260826_164328\module_c_no_cycle_黑天_20260826_173642\feature_embeddings_iter01.npz,runs\module_c_ablation_60_v4\module_c_20260826_164328\module_c_no_cycle_黑天_20260826_173642\result_summary_iter01.json,0.61769899725914,0.6634244819482168,0.4751911908388138,0.3905671884616216,1.1149642864863079,0.23583419620990753,0.37158916890621185,0.9979166666666667,0.9979166666666667,0.33387356499830884
runs\module_c_ablation_60_v4\module_c_20260826_164328\module_c_no_cycle_黑天_20260826_173642,module_c_no_cycle_黑天_20260826_173642/metrics_iter02,no_cycle,黑天,2,43,runs\module_c_ablation_60_v4\module_c_20260826_164328\module_c_no_cycle_黑天_20260826_173642\metrics_iter02.csv,54,39.0,0.9416666666666667,0.9201121794871795,0.951955057137984,0.9303342490842491,,,runs\module_c_ablation_60_v4\module_c_20260826_164328\module_c_no_cycle_黑天_20260826_173642\feature_embeddings_iter02.npz,runs\module_c_ablation_60_v4\module_c_20260826_164328\module_c_no_cycle_黑天_20260826_173642\result_summary_iter02.json,0.6351901491483053,0.6702212194601694,0.49669696887334186,0.35169999798138935,1.111682653427124,0.23955085376898447,0.5709290603796641,0.9958333333333333,0.9979166666666667,0.3348837047815323
runs\module_c_ablation_60_v4\module_c_20260826_164328\module_c_no_cycle_黑天_20260826_173642,module_c_no_cycle_黑天_20260826_173642/metrics_iter03,no_cycle,黑天,3,44,runs\module_c_ablation_60_v4\module_c_20260826_164328\module_c_no_cycle_黑天_20260826_173642\metrics_iter03.csv,46,31.0,0.975,0.9525786713286714,0.9807798908408665,0.9644283185949852,,,runs\module_c_ablation_60_v4\module_c_20260826_164328\module_c_no_cycle_黑天_20260826_173642\feature_embeddings_iter03.npz,runs\module_c_ablation_60_v4\module_c_20260826_164328\module_c_no_cycle_黑天_20260826_173642\result_summary_iter03.json,0.7434544761975607,0.708680123090744,0.6250670452912649,0.48163647452990216,1.1521403789520264,0.23551917572816214,0.5137854367494583,0.9895833333333334,0.9895833333333334,0.3325182894865672
runs\module_c_ablation_60_v4\module_c_20260826_164328\module_c_no_identity_逆光_20260826_182745,module_c_no_identity_逆光_20260826_182745/metrics_iter01,no_identity,逆光,1,45,runs\module_c_ablation_60_v4\module_c_20260826_164328\module_c_no_identity_逆光_20260826_182745\metrics_iter01.csv,50,35.0,1.0,1.0,1.0,1.0,0.9772727272727273,-0.022727272727272707,runs\module_c_ablation_60_v4\module_c_20260826_164328\module_c_no_identity_逆光_20260826_182745\feature_embeddings_iter01.npz,runs\module_c_ablation_60_v4\module_c_20260826_164328\module_c_no_identity_逆光_20260826_182745\result_summary_iter01.json,1.3917773167292278,1.1685359477996826,1.3762843211491902,0.7365628878275553,1.6842477321624756,0.24427294731140137,0.8254985809326172,0.9291666666666667,0.9041666666666667,0.2881351709365845
runs\module_c_ablation_60_v4\module_c_20260826_164328\module_c_no_identity_逆光_20260826_182745,module_c_no_identity_逆光_20260826_182745/metrics_iter02,no_identity,逆光,2,46,runs\module_c_ablation_60_v4\module_c_20260826_164328\module_c_no_identity_逆光_20260826_182745\metrics_iter02.csv,46,31.0,0.972972972972973,0.9777777777777779,0.9861111111111112,0.980246913580247,,,runs\module_c_ablation_60_v4\module_c_20260826_164328\module_c_no_identity_逆光_20260826_182745\feature_embeddings_iter02.npz,runs\module_c_ablation_60_v4\module_c_20260826_164328\module_c_no_identity_逆光_20260826_182745\result_summary_iter02.json,1.4915117422739665,1.417836348215739,1.5048407316207886,1.2405537366867065,2.1162683169047036,0.2488061785697937,0.7631640831629435,0.8583333333333333,0.8166666666666667,0.2952372233072917
runs\module_c_ablation_60_v4\module_c_20260826_164328\module_c_no_identity_逆光_20260826_182745,module_c_no_identity_逆光_20260826_182745/metrics_iter03,no_identity,逆光,3,47,runs\module_c_ablation_60_v4\module_c_20260826_164328\module_c_no_identity_逆光_20260826_182745\metrics_iter03.csv,31,16.0,0.972972972972973,0.9777777777777779,0.9814814814814815,0.9775533108866442,,,runs\module_c_ablation_60_v4\module_c_20260826_164328\module_c_no_identity_逆光_20260826_182745\feature_embeddings_iter03.npz,runs\module_c_ablation_60_v4\module_c_20260826_164328\module_c_no_identity_逆光_20260826_182745\result_summary_iter03.json,1.8183465798695881,1.748461087544759,1.8690586884816487,0.7142948508262634,2.7471903959910073,0.25510746240615845,0.829233189423879,0.6875,0.6208333333333333,0.32563695311546326
runs\module_c_ablation_60_v4\module_c_20260826_164328\module_c_no_identity_雨天_20260826_182745,module_c_no_identity_雨天_20260826_182745/metrics_iter01,no_identity,雨天,1,51,runs\module_c_ablation_60_v4\module_c_20260826_164328\module_c_no_identity_雨天_20260826_182745\metrics_iter01.csv,57,42.0,0.8461538461538461,0.9007936507936507,0.9041666666666667,0.8824138824138824,,,runs\module_c_ablation_60_v4\module_c_20260826_164328\module_c_no_identity_雨天_20260826_182745\feature_embeddings_iter01.npz,runs\module_c_ablation_60_v4\module_c_20260826_164328\module_c_no_identity_雨天_20260826_182745\result_summary_iter01.json,1.0182432730992634,1.0663853883743286,0.9969677925109863,0.5329070885976156,1.5881158113479614,0.24390426774819693,0.9791340827941895,0.95,0.95,0.27796630064646405
runs\module_c_ablation_60_v4\module_c_20260826_164328\module_c_no_identity_雨天_20260826_182745,module_c_no_identity_雨天_20260826_182745/metrics_iter02,no_identity,雨天,2,52,runs\module_c_ablation_60_v4\module_c_20260826_164328\module_c_no_identity_雨天_20260826_182745\metrics_iter02.csv,38,23.0,0.7307692307692307,0.8277777777777778,0.8291666666666666,0.7751683501683502,,,runs\module_c_ablation_60_v4\module_c_20260826_164328\module_c_no_identity_雨天_20260826_182745\feature_embeddings_iter02.npz,runs\module_c_ablation_60_v4\module_c_20260826_164328\module_c_no_identity_雨天_20260826_182745\result_summary_iter02.json,1.2220906416575115,1.1649789015452068,1.2227595647176106,0.9435975154240926,1.7310416301091511,0.25353225072224933,0.551272968451182,0.9625,0.8875,0.28472598393758136
runs\module_c_ablation_60_v4\module_c_20260826_164328\module_c_no_identity_雨天_20260826_182745,module_c_no_identity_雨天_20260826_182745/metrics_iter03,no_identity,雨天,3,53,runs\module_c_ablation_60_v4\module_c_20260826_164328\module_c_no_identity_雨天_20260826_182745\metrics_iter03.csv,54,39.0,1.0,1.0,1.0,1.0,,,runs\module_c_ablation_60_v4\module_c_20260826_164328\module_c_no_identity_雨天_20260826_182745\feature_embeddings_iter03.npz,runs\module_c_ablation_60_v4\module_c_20260826_164328\module_c_no_identity_雨天_20260826_182745\result_summary_iter03.json,0.7901755968729655,0.9278300007184347,0.7219518025716146,0.7062315146128336,1.4024216334025066,0.2386526515086492,0.7254724701245626,0.9958333333333333,0.9916666666666667,0.2497714658578237
runs\module_c_ablation_60_v4\module_c_20260826_164328\module_c_no_identity_雾天_20260826_182745,module_c_no_identity_雾天_20260826_182745/metrics_iter01,no_identity,雾天,1,48,runs\module_c_ablation_60_v4\module_c_20260826_164328\module_c_no_identity_雾天_20260826_182745\metrics_iter01.csv,60,58.0,0.9848484848484849,0.9876190476190475,0.9804232804232803,0.983186952248023,,,runs\module_c_ablation_60_v4\module_c_20260826_164328\module_c_no_identity_雾天_20260826_182745\feature_embeddings_iter01.npz,runs\module_c_ablation_60_v4\module_c_20260826_164328\module_c_no_identity_雾天_20260826_182745\result_summary_iter01.json,0.8295550176075527,0.9571540781429836,0.6640938520431519,0.3835360961300986,1.538786768913269,0.22962030342647008,0.5725494793483189,0.9964285714285714,0.9910714285714286,0.191709503531456
runs\module_c_ablation_60_v4\module_c_20260826_164328\module_c_no_identity_雾天_20260826_182745,module_c_no_identity_雾天_20260826_182745/metrics_iter02,no_identity,雾天,2,49,runs\module_c_ablation_60_v4\module_c_20260826_164328\module_c_no_identity_雾天_20260826_182745\metrics_iter02.csv,49,34.0,0.9696969696969697,0.9747222222222223,0.9724867724867726,0.9716926993744597,,,runs\module_c_ablation_60_v4\module_c_20260826_164328\module_c_no_identity_雾天_20260826_182745\feature_embeddings_iter02.npz,runs\module_c_ablation_60_v4\module_c_20260826_164328\module_c_no_identity_雾天_20260826_182745\result_summary_iter02.json,1.302077293395996,1.153316514832633,1.1841956206730433,0.6373652219772339,1.7613667760576521,0.2276281544140407,0.4781198373862675,0.9375,0.9607142857142857,0.23415769636631012
runs\module_c_ablation_60_v4\module_c_20260826_164328\module_c_no_identity_雾天_20260826_182745,module_c_no_identity_雾天_20260826_182745/metrics_iter03,no_identity,雾天,3,50,runs\module_c_ablation_60_v4\module_c_20260826_164328\module_c_no_identity_雾天_20260826_182745\metrics_iter03.csv,60,59.0,0.9772727272727273,0.9836507936507937,0.9764550264550265,0.979218698279769,,,runs\module_c_ablation_60_v4\module_c_20260826_164328\module_c_no_identity_雾天_20260826_182745\feature_embeddings_iter03.npz,runs\module_c_ablation_60_v4\module_c_20260826_164328\module_c_no_identity_雾天_20260826_182745\result_summary_iter03.json,0.8920407976422992,0.9854871119771685,0.7371909703527179,0.3635681186403547,1.5786765302930559,0.22575620242527553,0.48711702653339933,0.9892857142857143,0.9982142857142857,0.2010813398020608
runs\module_c_ablation_60_v4\module_c_20260826_164328\module_c_no_identity_黑天_20260826_182745,module_c_no_identity_黑天_20260826_182745/metrics_iter01,no_identity,黑天,1,42,runs\module_c_ablation_60_v4\module_c_20260826_164328\module_c_no_identity_黑天_20260826_182745\metrics_iter01.csv,41,26.0,0.9583333333333334,0.9409722222222223,0.9562937062937064,0.9453504043126685,,,runs\module_c_ablation_60_v4\module_c_20260826_164328\module_c_no_identity_黑天_20260826_182745\feature_embeddings_iter01.npz,runs\module_c_ablation_60_v4\module_c_20260826_164328\module_c_no_identity_黑天_20260826_182745\result_summary_iter01.json,0.8332241475582123,0.7887881398200989,0.7270013988018036,0.5152697364489237,1.1689528624216716,0.230963667233785,0.40600205957889557,0.9916666666666667,0.9916666666666667,0.22908781468868256
runs\module_c_ablation_60_v4\module_c_20260826_164328\module_c_no_identity_黑天_20260826_182745,module_c_no_identity_黑天_20260826_182745/metrics_iter02,no_identity,黑天,2,43,runs\module_c_ablation_60_v4\module_c_20260826_164328\module_c_no_identity_黑天_20260826_182745\metrics_iter02.csv,54,39.0,0.9416666666666667,0.9159090909090909,0.9501961453180966,0.9274333074333074,,,runs\module_c_ablation_60_v4\module_c_20260826_164328\module_c_no_identity_黑天_20260826_182745\feature_embeddings_iter02.npz,runs\module_c_ablation_60_v4\module_c_20260826_164328\module_c_no_identity_黑天_20260826_182745\result_summary_iter02.json,0.6439869006474813,0.7197336653868357,0.516140028834343,0.3657151361306508,1.1113523443539937,0.25112205743789673,0.5610641638437907,0.9958333333333333,0.9979166666666667,0.1856504629055659
runs\module_c_ablation_60_v4\module_c_20260826_164328\module_c_no_identity_黑天_20260826_182745,module_c_no_identity_黑天_20260826_182745/metrics_iter03,no_identity,黑天,3,44,runs\module_c_ablation_60_v4\module_c_20260826_164328\module_c_no_identity_黑天_20260826_182745\metrics_iter03.csv,54,39.0,0.975,0.9585416666666666,0.9790209790209791,0.9661779605459204,,,runs\module_c_ablation_60_v4\module_c_20260826_164328\module_c_no_identity_黑天_20260826_182745\feature_embeddings_iter03.npz,runs\module_c_ablation_60_v4\module_c_20260826_164328\module_c_no_identity_黑天_20260826_182745\result_summary_iter03.json,0.6458407739798228,0.7207777202129364,0.5049550086259842,0.47930673758188885,1.112574577331543,0.2488326554497083,0.4968351721763611,0.9958333333333333,1.0,0.1845183571179708
runs\module_c_ablation_60_v4\module_c_20260826_164328\module_c_no_module_c_逆光_20260826_221802,module_c_no_module_c_逆光_20260826_221802/metrics_iter01,no_module_c,逆光,1,45,runs\module_c_ablation_60_v4\module_c_20260826_164328\module_c_no_module_c_逆光_20260826_221802\metrics_iter01.csv,43,28.0,0.972972972972973,0.9777777777777779,0.9814814814814815,0.9775533108866442,,,runs\module_c_ablation_60_v4\module_c_20260826_164328\module_c_no_module_c_逆光_20260826_221802\feature_embeddings_iter01.npz,runs\module_c_ablation_60_v4\module_c_20260826_164328\module_c_no_module_c_逆光_20260826_221802\result_summary_iter01.json,1.712562918663025,0.03414350748062134,1.7398505608240764,0.4802842338879903,2.2869386672973633,0.3005540569623311,0.4952446023623149,0.7791666666666667,0.7916666666666666,0.4016532897949219
runs\module_c_ablation_60_v4\module_c_20260826_164328\module_c_no_module_c_逆光_20260826_221802,module_c_no_module_c_逆光_20260826_221802/metrics_iter02,no_module_c,逆光,2,46,runs\module_c_ablation_60_v4\module_c_20260826_164328\module_c_no_module_c_逆光_20260826_221802\metrics_iter02.csv,48,33.0,0.972972972972973,0.9777777777777779,0.9861111111111112,0.980246913580247,,,runs\module_c_ablation_60_v4\module_c_20260826_164328\module_c_no_module_c_逆光_20260826_221802\feature_embeddings_iter02.npz,runs\module_c_ablation_60_v4\module_c_20260826_164328\module_c_no_module_c_逆光_20260826_221802\result_summary_iter02.json,1.6106314659118652,0.032843525211016335,1.6425164540608723,0.5957894921302795,2.0950252215067544,0.31378594040870667,0.34259694814682007,0.825,0.825,0.41347768902778625
runs\module_c_ablation_60_v4\module_c_20260826_164328\module_c_no_module_c_逆光_20260826_221802,module_c_no_module_c_逆光_20260826_221802/metrics_iter03,no_module_c,逆光,3,47,runs\module_c_ablation_60_v4\module_c_20260826_164328\module_c_no_module_c_逆光_20260826_221802\metrics_iter03.csv,47,32.0,0.972972972972973,0.9841269841269842,0.9861111111111112,0.9840455840455841,,,runs\module_c_ablation_60_v4\module_c_20260826_164328\module_c_no_module_c_逆光_20260826_221802\feature_embeddings_iter03.npz,runs\module_c_ablation_60_v4\module_c_20260826_164328\module_c_no_module_c_逆光_20260826_221802\result_summary_iter03.json,1.660021146138509,0.023082892100016277,1.6840740442276,0.26737072070439655,2.1399333477020264,0.2918311655521393,0.3921404878298442,0.8291666666666667,0.8208333333333333,0.3919718861579895
runs\module_c_ablation_60_v4\module_c_20260826_164328\module_c_no_module_c_雨天_20260826_221802,module_c_no_module_c_雨天_20260826_221802/metrics_iter01,no_module_c,雨天,1,51,runs\module_c_ablation_60_v4\module_c_20260826_164328\module_c_no_module_c_雨天_20260826_221802\metrics_iter01.csv,40,25.0,0.6153846153846154,0.6018518518518519,0.7166666666666667,0.5966718466718467,0.6666666666666666,0.05128205128205121,runs\module_c_ablation_60_v4\module_c_20260826_164328\module_c_no_module_c_雨天_20260826_221802\feature_embeddings_iter01.npz,runs\module_c_ablation_60_v4\module_c_20260826_164328\module_c_no_module_c_雨天_20260826_221802\result_summary_iter01.json,1.375356952349345,0.038045018911361694,1.4137616952260335,0.32875025272369385,2.1161955992380777,0.28159185250600177,0.7582502961158752,0.8208333333333333,0.8541666666666666,0.3698390523592631
runs\module_c_ablation_60_v4\module_c_20260826_164328\module_c_no_module_c_雨天_20260826_221802,module_c_no_module_c_雨天_20260826_221802/metrics_iter02,no_module_c,雨天,2,52,runs\module_c_ablation_60_v4\module_c_20260826_164328\module_c_no_module_c_雨天_20260826_221802\metrics_iter02.csv,38,23.0,0.6538461538461539,0.8376623376623376,0.7875,0.7207491582491583,,,runs\module_c_ablation_60_v4\module_c_20260826_164328\module_c_no_module_c_雨天_20260826_221802\feature_embeddings_iter02.npz,runs\module_c_ablation_60_v4\module_c_20260826_164328\module_c_no_module_c_雨天_20260826_221802\result_summary_iter02.json,1.3659720818201702,0.02596246264874935,1.3536806106567383,0.4854808747768402,1.9228047529856365,0.29903579751650494,0.2999381919701894,0.9166666666666666,0.8541666666666666,0.39545456568400067
runs\module_c_ablation_60_v4\module_c_20260826_164328\module_c_no_module_c_雨天_20260826_221802,module_c_no_module_c_雨天_20260826_221802/metrics_iter03,no_module_c,雨天,3,53,runs\module_c_ablation_60_v4\module_c_20260826_164328\module_c_no_module_c_雨天_20260826_221802\metrics_iter03.csv,37,22.0,0.9615384615384616,0.9666666666666667,0.9666666666666667,0.9629629629629629,,,runs\module_c_ablation_60_v4\module_c_20260826_164328\module_c_no_module_c_雨天_20260826_221802\feature_embeddings_iter03.npz,runs\module_c_ablation_60_v4\module_c_20260826_164328\module_c_no_module_c_雨天_20260826_221802\result_summary_iter03.json,1.3317035833994548,0.039864792178074517,1.3863201538721721,0.5342671275138855,1.6516382296880086,0.288588027159373,0.7471011678377787,0.9208333333333333,0.9333333333333333,0.39568761984507245
runs\module_c_ablation_60_v4\module_c_20260826_164328\module_c_no_module_c_雾天_20260826_221802,module_c_no_module_c_雾天_20260826_221802/metrics_iter01,no_module_c,雾天,1,48,runs\module_c_ablation_60_v4\module_c_20260826_164328\module_c_no_module_c_雾天_20260826_221802\metrics_iter01.csv,60,48.0,0.9696969696969697,0.9766255144032923,0.9676434676434675,0.970743859315288,,,runs\module_c_ablation_60_v4\module_c_20260826_164328\module_c_no_module_c_雾天_20260826_221802\feature_embeddings_iter01.npz,runs\module_c_ablation_60_v4\module_c_20260826_164328\module_c_no_module_c_雾天_20260826_221802\result_summary_iter01.json,1.4413621595927648,0.02540526565696512,1.349042466708592,0.2538177732910429,1.7936017683574133,0.43079506499426706,0.4720469670636313,0.9517857142857142,0.9571428571428572,0.5248401420457023
runs\module_c_ablation_60_v4\module_c_20260826_164328\module_c_no_module_c_雾天_20260826_221802,module_c_no_module_c_雾天_20260826_221802/metrics_iter02,no_module_c,雾天,2,49,runs\module_c_ablation_60_v4\module_c_20260826_164328\module_c_no_module_c_雾天_20260826_221802\metrics_iter02.csv,48,24.0,0.9621212121212122,0.9391582491582492,0.9545177045177043,0.944870473441902,,,runs\module_c_ablation_60_v4\module_c_20260826_164328\module_c_no_module_c_雾天_20260826_221802\feature_embeddings_iter02.npz,runs\module_c_ablation_60_v4\module_c_20260826_164328\module_c_no_module_c_雾天_20260826_221802\result_summary_iter02.json,1.727431399481637,0.015142273690019335,1.7277732917240687,0.2299416469676154,2.307863167354039,0.35668944461005075,0.2254650741815567,0.7660714285714286,0.8732142857142857,0.4658215173653194
runs\module_c_ablation_60_v4\module_c_20260826_164328\module_c_no_module_c_雾天_20260826_221802,module_c_no_module_c_雾天_20260826_221802/metrics_iter03,no_module_c,雾天,3,50,runs\module_c_ablation_60_v4\module_c_20260826_164328\module_c_no_module_c_雾天_20260826_221802\metrics_iter03.csv,60,60.0,0.9696969696969697,0.9766381766381768,0.9722222222222222,0.9727827308959386,0.9921104536489151,0.022413483951945423,runs\module_c_ablation_60_v4\module_c_20260826_164328\module_c_no_module_c_雾天_20260826_221802\feature_embeddings_iter03.npz,runs\module_c_ablation_60_v4\module_c_20260826_164328\module_c_no_module_c_雾天_20260826_221802\result_summary_iter03.json,1.441250136920384,0.021127153986266682,1.3441526889801025,0.2634059488773346,1.6984494924545288,0.4413922131061554,0.340227016380855,0.9607142857142857,0.975,0.5303467512130737
runs\module_c_ablation_60_v4\module_c_20260826_164328\module_c_no_module_c_黑天_20260826_221802,module_c_no_module_c_黑天_20260826_221802/metrics_iter01,no_module_c,黑天,1,42,runs\module_c_ablation_60_v4\module_c_20260826_164328\module_c_no_module_c_黑天_20260826_221802\metrics_iter01.csv,60,50.0,0.9583333333333334,0.9247685185185186,0.9580526181135938,0.9371605392045643,0.9634408602150538,0.005107526881720448,runs\module_c_ablation_60_v4\module_c_20260826_164328\module_c_no_module_c_黑天_20260826_221802\feature_embeddings_iter01.npz,runs\module_c_ablation_60_v4\module_c_20260826_164328\module_c_no_module_c_黑天_20260826_221802\result_summary_iter01.json,1.1311581929524739,0.023174296754101913,1.0072660247484844,0.37889442841211957,1.1658525665601094,0.44217604398727417,0.2832283178965251,0.9875,0.9895833333333334,0.5317641099294027
runs\module_c_ablation_60_v4\module_c_20260826_164328\module_c_no_module_c_黑天_20260826_221802,module_c_no_module_c_黑天_20260826_221802/metrics_iter02,no_module_c,黑天,2,43,runs\module_c_ablation_60_v4\module_c_20260826_164328\module_c_no_module_c_黑天_20260826_221802\metrics_iter02.csv,50,35.0,0.9166666666666666,0.872481684981685,0.9524027801466826,0.8951301579626048,0.9591397849462365,0.0424731182795699,runs\module_c_ablation_60_v4\module_c_20260826_164328\module_c_no_module_c_黑天_20260826_221802\feature_embeddings_iter02.npz,runs\module_c_ablation_60_v4\module_c_20260826_164328\module_c_no_module_c_黑天_20260826_221802\result_summary_iter02.json,1.2254088322321575,0.022535341481367748,1.139725883801778,0.23466654121875763,1.3155450622240703,0.4330463260412216,0.40920035541057587,0.9625,0.975,0.5035537282625834
runs\module_c_ablation_60_v4\module_c_20260826_164328\module_c_no_module_c_黑天_20260826_221802,module_c_no_module_c_黑天_20260826_221802/metrics_iter03,no_module_c,黑天,3,44,runs\module_c_ablation_60_v4\module_c_20260826_164328\module_c_no_module_c_黑天_20260826_221802\metrics_iter03.csv,60,50.0,0.975,0.9523863636363636,0.9790209790209791,0.9634262796027502,0.9935483870967742,0.0185483870967742,runs\module_c_ablation_60_v4\module_c_20260826_164328\module_c_no_module_c_黑天_20260826_221802\feature_embeddings_iter03.npz,runs\module_c_ablation_60_v4\module_c_20260826_164328\module_c_no_module_c_黑天_20260826_221802\result_summary_iter03.json,1.143510679403941,0.02894670298943917,1.0513010621070862,0.45231907069683075,1.1996682286262512,0.44822849333286285,0.37472958862781525,0.9895833333333334,0.9895833333333334,0.5032953421274821
runs\module_c_ablation_60_v4\module_c_20260826_164328\module_c_no_paired_contrastive_逆光_20260826_192723,module_c_no_paired_contrastive_逆光_20260826_192723/metrics_iter01,no_paired_contrastive,逆光,1,45,runs\module_c_ablation_60_v4\module_c_20260826_164328\module_c_no_paired_contrastive_逆光_20260826_192723\metrics_iter01.csv,32,17.0,0.972972972972973,0.9777777777777779,0.9861111111111112,0.980246913580247,,,runs\module_c_ablation_60_v4\module_c_20260826_164328\module_c_no_paired_contrastive_逆光_20260826_192723\feature_embeddings_iter01.npz,runs\module_c_ablation_60_v4\module_c_20260826_164328\module_c_no_paired_contrastive_逆光_20260826_192723\result_summary_iter01.json,1.7661012808481853,1.6506753365198772,1.8450360695521038,1.0439816912015278,2.6244728565216064,0.25774646798769635,1.4682066837946575,0.7458333333333333,0.7,0.3335698942343394
runs\module_c_ablation_60_v4\module_c_20260826_164328\module_c_no_paired_contrastive_逆光_20260826_192723,module_c_no_paired_contrastive_逆光_20260826_192723/metrics_iter02,no_paired_contrastive,逆光,2,46,runs\module_c_ablation_60_v4\module_c_20260826_164328\module_c_no_paired_contrastive_逆光_20260826_192723\metrics_iter02.csv,31,16.0,0.9459459459459459,0.9555555555555555,0.9675925925925927,0.9578002244668912,,,runs\module_c_ablation_60_v4\module_c_20260826_164328\module_c_no_paired_contrastive_逆光_20260826_192723\feature_embeddings_iter02.npz,runs\module_c_ablation_60_v4\module_c_20260826_164328\module_c_no_paired_contrastive_逆光_20260826_192723\result_summary_iter02.json,1.7648531595865886,1.7497714360555012,1.8445820013682048,1.5360318024953206,2.8390254974365234,0.2549079855283101,1.012664020061493,0.75,0.6333333333333333,0.3201204439004262
runs\module_c_ablation_60_v4\module_c_20260826_164328\module_c_no_paired_contrastive_逆光_20260826_192723,module_c_no_paired_contrastive_逆光_20260826_192723/metrics_iter03,no_paired_contrastive,逆光,3,47,runs\module_c_ablation_60_v4\module_c_20260826_164328\module_c_no_paired_contrastive_逆光_20260826_192723\metrics_iter03.csv,47,32.0,0.972972972972973,0.9841269841269842,0.9861111111111112,0.9840455840455841,,,runs\module_c_ablation_60_v4\module_c_20260826_164328\module_c_no_paired_contrastive_逆光_20260826_192723\feature_embeddings_iter03.npz,runs\module_c_ablation_60_v4\module_c_20260826_164328\module_c_no_paired_contrastive_逆光_20260826_192723\result_summary_iter03.json,1.4723634719848633,1.2416807015736897,1.4901094436645508,0.6125043034553528,1.914949893951416,0.24135426680246988,0.6832703351974487,0.9166666666666666,0.8916666666666667,0.2896128197511037
runs\module_c_ablation_60_v4\module_c_20260826_164328\module_c_no_paired_contrastive_雨天_20260826_192723,module_c_no_paired_contrastive_雨天_20260826_192723/metrics_iter01,no_paired_contrastive,雨天,1,51,runs\module_c_ablation_60_v4\module_c_20260826_164328\module_c_no_paired_contrastive_雨天_20260826_192723\metrics_iter01.csv,60,55.0,0.8461538461538461,0.9166666666666666,0.9041666666666667,0.8874643874643874,0.90625,0.060096153846153855,runs\module_c_ablation_60_v4\module_c_20260826_164328\module_c_no_paired_contrastive_雨天_20260826_192723\feature_embeddings_iter01.npz,runs\module_c_ablation_60_v4\module_c_20260826_164328\module_c_no_paired_contrastive_雨天_20260826_192723\result_summary_iter01.json,1.0077003439267476,1.006745417912801,0.962867796421051,0.462512602408727,1.5373522837956746,0.23647887508074442,1.0194059014320374,0.9625,0.95,0.27412523825963336
runs\module_c_ablation_60_v4\module_c_20260826_164328\module_c_no_paired_contrastive_雨天_20260826_192723,module_c_no_paired_contrastive_雨天_20260826_192723/metrics_iter02,no_paired_contrastive,雨天,2,52,runs\module_c_ablation_60_v4\module_c_20260826_164328\module_c_no_paired_contrastive_雨天_20260826_192723\metrics_iter02.csv,60,50.0,0.8461538461538461,0.9007936507936507,0.9041666666666667,0.8824138824138824,0.8125,-0.033653846153846145,runs\module_c_ablation_60_v4\module_c_20260826_164328\module_c_no_paired_contrastive_雨天_20260826_192723\feature_embeddings_iter02.npz,runs\module_c_ablation_60_v4\module_c_20260826_164328\module_c_no_paired_contrastive_雨天_20260826_192723\result_summary_iter02.json,0.9681819478670756,0.9685956239700317,0.8987125158309937,0.8159698247909546,1.4953625599543254,0.24272307753562927,0.47675074140230816,0.9791666666666666,0.9666666666666667,0.25827763477961224
runs\module_c_ablation_60_v4\module_c_20260826_164328\module_c_no_paired_contrastive_雨天_20260826_192723,module_c_no_paired_contrastive_雨天_20260826_192723/metrics_iter03,no_paired_contrastive,雨天,3,53,runs\module_c_ablation_60_v4\module_c_20260826_164328\module_c_no_paired_contrastive_雨天_20260826_192723\metrics_iter03.csv,54,39.0,1.0,1.0,1.0,1.0,,,runs\module_c_ablation_60_v4\module_c_20260826_164328\module_c_no_paired_contrastive_雨天_20260826_192723\feature_embeddings_iter03.npz,runs\module_c_ablation_60_v4\module_c_20260826_164328\module_c_no_paired_contrastive_雨天_20260826_192723\result_summary_iter03.json,0.8269505699475607,0.9103144804636637,0.763756255308787,0.6956661740938822,1.4011221726735432,0.23029890159765878,0.7305673956871033,0.9916666666666667,0.9958333333333333,0.2486943950255712
runs\module_c_ablation_60_v4\module_c_20260826_164328\module_c_no_paired_contrastive_雾天_20260826_192723,module_c_no_paired_contrastive_雾天_20260826_192723/metrics_iter01,no_paired_contrastive,雾天,1,48,runs\module_c_ablation_60_v4\module_c_20260826_164328\module_c_no_paired_contrastive_雾天_20260826_192723\metrics_iter01.csv,60,49.0,0.9848484848484849,0.9876190476190475,0.9804232804232803,0.983186952248023,,,runs\module_c_ablation_60_v4\module_c_20260826_164328\module_c_no_paired_contrastive_雾天_20260826_192723\feature_embeddings_iter01.npz,runs\module_c_ablation_60_v4\module_c_20260826_164328\module_c_no_paired_contrastive_雾天_20260826_192723\result_summary_iter01.json,1.0500989982060023,0.9769342286246163,0.8806694235120501,0.4284602105617523,1.5679329463413783,0.21061044079916819,0.6108695609228951,0.9910714285714286,0.9839285714285714,0.20875137192862375
runs\module_c_ablation_60_v4\module_c_20260826_164328\module_c_no_paired_contrastive_雾天_20260826_192723,module_c_no_paired_contrastive_雾天_20260826_192723/metrics_iter02,no_paired_contrastive,雾天,2,49,runs\module_c_ablation_60_v4\module_c_20260826_164328\module_c_no_paired_contrastive_雾天_20260826_192723\metrics_iter02.csv,60,60.0,0.9924242424242424,0.9955555555555556,0.9841269841269842,0.9891854177568463,0.9940828402366864,0.0016585978124439293,runs\module_c_ablation_60_v4\module_c_20260826_164328\module_c_no_paired_contrastive_雾天_20260826_192723\feature_embeddings_iter02.npz,runs\module_c_ablation_60_v4\module_c_20260826_164328\module_c_no_paired_contrastive_雾天_20260826_192723\result_summary_iter02.json,0.9731131536620004,0.9550773501396179,0.8079497388431004,0.424058130809239,1.566212568964277,0.2025656976870128,0.3904008226735251,0.9839285714285714,0.9964285714285714,0.18944139565740312
runs\module_c_ablation_60_v4\module_c_20260826_164328\module_c_no_paired_contrastive_雾天_20260826_192723,module_c_no_paired_contrastive_雾天_20260826_192723/metrics_iter03,no_paired_contrastive,雾天,3,50,runs\module_c_ablation_60_v4\module_c_20260826_164328\module_c_no_paired_contrastive_雾天_20260826_192723\metrics_iter03.csv,55,40.0,0.9696969696969697,0.9757142857142858,0.9727513227513227,0.9731552934891741,0.9940828402366864,0.024385870539716636,runs\module_c_ablation_60_v4\module_c_20260826_164328\module_c_no_paired_contrastive_雾天_20260826_192723\feature_embeddings_iter03.npz,runs\module_c_ablation_60_v4\module_c_20260826_164328\module_c_no_paired_contrastive_雾天_20260826_192723\result_summary_iter03.json,1.1254397630691528,1.0299747501100813,1.0141556773866927,0.412502931697028,1.6437054702213831,0.20935365983418056,0.6216619185038975,0.9642857142857143,0.9857142857142858,0.21932670899799891
runs\module_c_ablation_60_v4\module_c_20260826_164328\module_c_no_paired_contrastive_黑天_20260826_192723,module_c_no_paired_contrastive_黑天_20260826_192723/metrics_iter01,no_paired_contrastive,黑天,1,42,runs\module_c_ablation_60_v4\module_c_20260826_164328\module_c_no_paired_contrastive_黑天_20260826_192723\metrics_iter01.csv,46,31.0,0.9416666666666667,0.9045664983164984,0.951955057137984,0.9248660045471605,,,runs\module_c_ablation_60_v4\module_c_20260826_164328\module_c_no_paired_contrastive_黑天_20260826_192723\feature_embeddings_iter01.npz,runs\module_c_ablation_60_v4\module_c_20260826_164328\module_c_no_paired_contrastive_黑天_20260826_192723\result_summary_iter01.json,0.7993311484654745,0.7346792121728262,0.6739700734615326,0.4183558573325475,1.1354907949765523,0.215162493288517,0.372698242465655,0.9895833333333334,0.9854166666666667,0.21197341134150824
runs\module_c_ablation_60_v4\module_c_20260826_164328\module_c_no_paired_contrastive_黑天_20260826_192723,module_c_no_paired_contrastive_黑天_20260826_192723/metrics_iter02,no_paired_contrastive,黑天,2,43,runs\module_c_ablation_60_v4\module_c_20260826_164328\module_c_no_paired_contrastive_黑天_20260826_192723\metrics_iter02.csv,43,28.0,0.925,0.8829555860805861,0.9423396725225994,0.9070160455486542,,,runs\module_c_ablation_60_v4\module_c_20260826_164328\module_c_no_paired_contrastive_黑天_20260826_192723\feature_embeddings_iter02.npz,runs\module_c_ablation_60_v4\module_c_20260826_164328\module_c_no_paired_contrastive_黑天_20260826_192723\result_summary_iter02.json,0.9020566542943319,0.7758046289285024,0.7826598882675171,0.3973388820886612,1.1796249349912007,0.22563913216193518,0.5843853652477264,0.9895833333333334,0.98125,0.21847016115983328
runs\module_c_ablation_60_v4\module_c_20260826_164328\module_c_no_paired_contrastive_黑天_20260826_192723,module_c_no_paired_contrastive_黑天_20260826_192723/metrics_iter03,no_paired_contrastive,黑天,3,44,runs\module_c_ablation_60_v4\module_c_20260826_164328\module_c_no_paired_contrastive_黑天_20260826_192723\metrics_iter03.csv,46,31.0,0.9833333333333333,0.9639423076923077,0.9838286713286714,0.9713827838827839,,,runs\module_c_ablation_60_v4\module_c_20260826_164328\module_c_no_paired_contrastive_黑天_20260826_192723\feature_embeddings_iter03.npz,runs\module_c_ablation_60_v4\module_c_20260826_164328\module_c_no_paired_contrastive_黑天_20260826_192723\result_summary_iter03.json,0.8880817691485087,0.7671310305595398,0.7533866365750631,0.5101095686356226,1.1692787806193035,0.22191188981135687,0.5240664432446162,0.9854166666666667,0.99375,0.2106096272667249
runs\module_c_ablation_60_v4\module_c_20260826_164328\module_c_no_prototype_contrastive_逆光_20260826_201844,module_c_no_prototype_contrastive_逆光_20260826_201844/metrics_iter01,no_prototype_contrastive,逆光,1,45,runs\module_c_ablation_60_v4\module_c_20260826_164328\module_c_no_prototype_contrastive_逆光_20260826_201844\metrics_iter01.csv,57,42.0,1.0,1.0,1.0,1.0,,,runs\module_c_ablation_60_v4\module_c_20260826_164328\module_c_no_prototype_contrastive_逆光_20260826_201844\feature_embeddings_iter01.npz,runs\module_c_ablation_60_v4\module_c_20260826_164328\module_c_no_prototype_contrastive_逆光_20260826_201844\result_summary_iter01.json,1.371987223625183,1.017945686976115,1.3684806823730469,0.7213415702184042,1.6233035326004028,0.2361538807551066,0.7299969792366028,0.9416666666666667,0.9291666666666667,0.27753076950709027
runs\module_c_ablation_60_v4\module_c_20260826_164328\module_c_no_prototype_contrastive_逆光_20260826_201844,module_c_no_prototype_contrastive_逆光_20260826_201844/metrics_iter02,no_prototype_contrastive,逆光,2,46,runs\module_c_ablation_60_v4\module_c_20260826_164328\module_c_no_prototype_contrastive_逆光_20260826_201844\metrics_iter02.csv,39,24.0,0.972972972972973,0.9777777777777779,0.9861111111111112,0.980246913580247,,,runs\module_c_ablation_60_v4\module_c_20260826_164328\module_c_no_prototype_contrastive_逆光_20260826_201844\feature_embeddings_iter02.npz,runs\module_c_ablation_60_v4\module_c_20260826_164328\module_c_no_prototype_contrastive_逆光_20260826_201844\result_summary_iter02.json,1.6165851354599,1.3486409187316895,1.6659397681554158,1.3532406489054363,2.2101821899414062,0.24829920132954916,0.7659425139427185,0.8416666666666667,0.775,0.3000269333521525
runs\module_c_ablation_60_v4\module_c_20260826_164328\module_c_no_prototype_contrastive_逆光_20260826_201844,module_c_no_prototype_contrastive_逆光_20260826_201844/metrics_iter03,no_prototype_contrastive,逆光,3,47,runs\module_c_ablation_60_v4\module_c_20260826_164328\module_c_no_prototype_contrastive_逆光_20260826_201844\metrics_iter03.csv,49,34.0,0.972972972972973,0.9777777777777779,0.9861111111111112,0.980246913580247,,,runs\module_c_ablation_60_v4\module_c_20260826_164328\module_c_no_prototype_contrastive_逆光_20260826_201844\feature_embeddings_iter03.npz,runs\module_c_ablation_60_v4\module_c_20260826_164328\module_c_no_prototype_contrastive_逆光_20260826_201844\result_summary_iter03.json,1.5486771663029988,1.1852610111236572,1.5453871091206868,0.6499922076861063,1.9441678524017334,0.24345157047112784,0.6404669284820557,0.8875,0.8625,0.2934105594952901
runs\module_c_ablation_60_v4\module_c_20260826_164328\module_c_no_prototype_contrastive_雨天_20260826_201844,module_c_no_prototype_contrastive_雨天_20260826_201844/metrics_iter01,no_prototype_contrastive,雨天,1,51,runs\module_c_ablation_60_v4\module_c_20260826_164328\module_c_no_prototype_contrastive_雨天_20260826_201844\metrics_iter01.csv,60,55.0,1.0,1.0,1.0,1.0,0.9479166666666666,-0.05208333333333337,runs\module_c_ablation_60_v4\module_c_20260826_164328\module_c_no_prototype_contrastive_雨天_20260826_201844\feature_embeddings_iter01.npz,runs\module_c_ablation_60_v4\module_c_20260826_164328\module_c_no_prototype_contrastive_雨天_20260826_201844\result_summary_iter01.json,0.9906187057495117,0.9287497202555338,0.9449040492375692,0.458882341782252,1.4900280634562175,0.23156435787677765,0.9623567660649618,0.975,0.9625,0.25871675213177997
runs\module_c_ablation_60_v4\module_c_20260826_164328\module_c_no_prototype_contrastive_雨天_20260826_201844,module_c_no_prototype_contrastive_雨天_20260826_201844/metrics_iter02,no_prototype_contrastive,雨天,2,52,runs\module_c_ablation_60_v4\module_c_20260826_164328\module_c_no_prototype_contrastive_雨天_20260826_201844\metrics_iter02.csv,60,58.0,0.8076923076923077,0.8888888888888888,0.8833333333333333,0.8552188552188551,,,runs\module_c_ablation_60_v4\module_c_20260826_164328\module_c_no_prototype_contrastive_雨天_20260826_201844\feature_embeddings_iter02.npz,runs\module_c_ablation_60_v4\module_c_20260826_164328\module_c_no_prototype_contrastive_雨天_20260826_201844\result_summary_iter02.json,1.0446197589238484,0.952629804611206,1.03085192044576,0.7803021868069967,1.546319842338562,0.24391276637713113,0.44695104161898297,0.9708333333333333,0.9541666666666667,0.25792380174001056
runs\module_c_ablation_60_v4\module_c_20260826_164328\module_c_no_prototype_contrastive_雨天_20260826_201844,module_c_no_prototype_contrastive_雨天_20260826_201844/metrics_iter03,no_prototype_contrastive,雨天,3,53,runs\module_c_ablation_60_v4\module_c_20260826_164328\module_c_no_prototype_contrastive_雨天_20260826_201844\metrics_iter03.csv,50,35.0,1.0,1.0,1.0,1.0,0.9166666666666666,-0.08333333333333337,runs\module_c_ablation_60_v4\module_c_20260826_164328\module_c_no_prototype_contrastive_雨天_20260826_201844\feature_embeddings_iter03.npz,runs\module_c_ablation_60_v4\module_c_20260826_164328\module_c_no_prototype_contrastive_雨天_20260826_201844\result_summary_iter03.json,1.004277805487315,0.9236382246017456,0.9787615537643433,0.6809582312901815,1.4822859366734822,0.23318464060624441,0.7413214047749838,0.9916666666666667,0.9708333333333333,0.2527660131454468
runs\module_c_ablation_60_v4\module_c_20260826_164328\module_c_no_prototype_contrastive_雾天_20260826_201844,module_c_no_prototype_contrastive_雾天_20260826_201844/metrics_iter01,no_prototype_contrastive,雾天,1,48,runs\module_c_ablation_60_v4\module_c_20260826_164328\module_c_no_prototype_contrastive_雾天_20260826_201844\metrics_iter01.csv,54,39.0,0.9772727272727273,0.9835164835164836,0.9764550264550265,0.9789898794795217,,,runs\module_c_ablation_60_v4\module_c_20260826_164328\module_c_no_prototype_contrastive_雾天_20260826_201844\feature_embeddings_iter01.npz,runs\module_c_ablation_60_v4\module_c_20260826_164328\module_c_no_prototype_contrastive_雾天_20260826_201844\result_summary_iter01.json,1.3721671615328108,1.0492861100605555,1.2690282889774867,0.49705044286591665,1.7211616890771049,0.22198299212115152,0.8568839430809021,0.9392857142857143,0.9732142857142857,0.2354116439819336
runs\module_c_ablation_60_v4\module_c_20260826_164328\module_c_no_prototype_contrastive_雾天_20260826_201844,module_c_no_prototype_contrastive_雾天_20260826_201844/metrics_iter02,no_prototype_contrastive,雾天,2,49,runs\module_c_ablation_60_v4\module_c_20260826_164328\module_c_no_prototype_contrastive_雾天_20260826_201844\metrics_iter02.csv,60,47.0,0.9848484848484849,0.9917241379310345,0.9755799755799757,0.9827916555736105,,,runs\module_c_ablation_60_v4\module_c_20260826_164328\module_c_no_prototype_contrastive_雾天_20260826_201844\feature_embeddings_iter02.npz,runs\module_c_ablation_60_v4\module_c_20260826_164328\module_c_no_prototype_contrastive_雾天_20260826_201844\result_summary_iter02.json,1.249133586883545,0.9705222504479545,1.123470629964556,0.4870766486440386,1.6323896476200648,0.20630172107900893,0.41145280855042593,0.9892857142857143,0.9803571428571428,0.1956202323947634
runs\module_c_ablation_60_v4\module_c_20260826_164328\module_c_no_prototype_contrastive_雾天_20260826_201844,module_c_no_prototype_contrastive_雾天_20260826_201844/metrics_iter03,no_prototype_contrastive,雾天,3,50,runs\module_c_ablation_60_v4\module_c_20260826_164328\module_c_no_prototype_contrastive_雾天_20260826_201844\metrics_iter03.csv,58,43.0,0.9772727272727273,0.9807407407407409,0.976190476190476,0.9771336834828899,,,runs\module_c_ablation_60_v4\module_c_20260826_164328\module_c_no_prototype_contrastive_雾天_20260826_201844\feature_embeddings_iter03.npz,runs\module_c_ablation_60_v4\module_c_20260826_164328\module_c_no_prototype_contrastive_雾天_20260826_201844\result_summary_iter03.json,1.3035842180252075,1.0063255684716361,1.1867045675005232,0.4254695347377232,1.673267092023577,0.21004439464637212,0.6202464188848223,0.9642857142857143,0.975,0.2201448529958725
runs\module_c_ablation_60_v4\module_c_20260826_164328\module_c_no_prototype_contrastive_黑天_20260826_201844,module_c_no_prototype_contrastive_黑天_20260826_201844/metrics_iter01,no_prototype_contrastive,黑天,1,42,runs\module_c_ablation_60_v4\module_c_20260826_164328\module_c_no_prototype_contrastive_黑天_20260826_201844\metrics_iter01.csv,60,52.0,0.9583333333333334,0.936763468013468,0.9663674739894252,0.9492151127174712,,,runs\module_c_ablation_60_v4\module_c_20260826_164328\module_c_no_prototype_contrastive_黑天_20260826_201844\feature_embeddings_iter01.npz,runs\module_c_ablation_60_v4\module_c_20260826_164328\module_c_no_prototype_contrastive_黑天_20260826_201844\result_summary_iter01.json,0.7224405109882355,0.6640015145142873,0.6152906119823456,0.48134438196818036,1.0810370445251465,0.2130523274342219,0.45177709062894184,0.9958333333333333,1.0,0.16022967298825583
runs\module_c_ablation_60_v4\module_c_20260826_164328\module_c_no_prototype_contrastive_黑天_20260826_201844,module_c_no_prototype_contrastive_黑天_20260826_201844/metrics_iter02,no_prototype_contrastive,黑天,2,43,runs\module_c_ablation_60_v4\module_c_20260826_164328\module_c_no_prototype_contrastive_黑天_20260826_201844\metrics_iter02.csv,60,54.0,0.95,0.9258241758241759,0.9633186935016204,0.9407188508314718,,,runs\module_c_ablation_60_v4\module_c_20260826_164328\module_c_no_prototype_contrastive_黑天_20260826_201844\feature_embeddings_iter02.npz,runs\module_c_ablation_60_v4\module_c_20260826_164328\module_c_no_prototype_contrastive_黑天_20260826_201844\result_summary_iter02.json,0.7879653970400492,0.6803019444147745,0.6810703873634338,0.3678331524133682,1.1013277371724446,0.22762578477462134,0.528528243303299,0.9979166666666667,1.0,0.17301726589600244
runs\module_c_ablation_60_v4\module_c_20260826_164328\module_c_no_prototype_contrastive_黑天_20260826_201844,module_c_no_prototype_contrastive_黑天_20260826_201844/metrics_iter03,no_prototype_contrastive,黑天,3,44,runs\module_c_ablation_60_v4\module_c_20260826_164328\module_c_no_prototype_contrastive_黑天_20260826_201844\metrics_iter03.csv,54,39.0,0.9833333333333333,0.9639423076923077,0.9838286713286714,0.9713827838827839,,,runs\module_c_ablation_60_v4\module_c_20260826_164328\module_c_no_prototype_contrastive_黑天_20260826_201844\feature_embeddings_iter03.npz,runs\module_c_ablation_60_v4\module_c_20260826_164328\module_c_no_prototype_contrastive_黑天_20260826_201844\result_summary_iter03.json,0.9046224852403005,0.6996893982092539,0.775999923547109,0.5304120481014252,1.1155164241790771,0.22184554487466812,0.5075577596823374,0.9958333333333333,0.9979166666666667,0.18226583302021027
