run,variant,domain,iteration,seed,target_raw_silhouette,target_translated_silhouette,target_silhouette_gain,source_target_raw_class_centroid_distance,source_target_translated_class_centroid_distance,class_centroid_alignment_gain,source_target_raw_coral,source_target_translated_coral,coral_alignment_gain,source_target_raw_prototype_diagonal,source_target_translated_prototype_diagonal,prototype_diagonal_gain,source_target_raw_prototype_margin,source_target_translated_prototype_margin,prototype_margin_gain,source_target_raw_prototype_top1,source_target_translated_prototype_top1,prototype_top1_gain,source_cycle_cosine_error,target_cycle_cosine_error,cycle_cosine_error,source_identity_cosine_error,target_identity_cosine_error,identity_cosine_error
module_c_full_逆光_20260826_164329/metrics_iter01,full,逆光,1,45,0.33528142918045467,0.34275403826295375,0.007472609082499082,0.8222038047388196,0.8216052185744047,0.0005985861644148827,0.0019410708401237087,0.002063834299629093,-0.00012276345950538417,0.17779618501663208,0.17839479446411133,0.000598609447479248,0.09150517731904984,0.10330511629581451,0.011799938976764679,0.75,0.75,0.0,0.042074131005098804,0.038910209872357215,0.040492170438728006,0.034161786748348376,0.026371346708727105,0.03026656672853774
module_c_full_逆光_20260826_164329/metrics_iter02,full,逆光,2,46,0.2945578386306222,0.29523629479384145,0.0006784561632192654,0.8324090056121349,0.8342746421694756,-0.001865636557340622,0.00227597097631598,0.0023967623068171275,-0.00012079133050114758,0.16759100556373596,0.16572535037994385,-0.0018656551837921143,0.1090221107006073,0.11407675594091415,0.005054645240306854,0.75,0.75,0.0,0.04826596042818021,0.042089149358990316,0.04517755489358526,0.033393763001941225,0.028419799495727826,0.030906781248834524
module_c_full_逆光_20260826_164329/metrics_iter03,full,逆光,3,47,0.3618148478925563,0.37130156889366306,0.009486721001106757,0.7458341047167778,0.7415062747895718,0.004327829927206039,0.0024735016215118723,0.0025749809898025985,-0.00010147936829072628,0.2541658878326416,0.25849372148513794,0.004327833652496338,0.14943572878837585,0.1603776216506958,0.010941892862319946,1.0,1.0,0.0,0.05016458210275145,0.03888954243003709,0.044527062266394274,0.032785524532617204,0.028175062095871582,0.030480293314244393
module_c_full_雨天_20260826_164329/metrics_iter01,full,雨天,1,51,0.41955712546043356,0.4374300224377047,0.017872896977271124,0.8416243195533752,0.8274412304162979,0.014183089137077332,0.003267357389827588,0.0033512068969815912,-8.384950715400324e-05,0.15837568044662476,0.17255879938602448,0.01418311893939972,0.1843048632144928,0.18227526545524597,-0.002029597759246826,1.0,1.0,0.0,0.027558875528019135,0.0548798044311754,0.041219339979597265,0.021813299825044843,0.038262192032354383,0.030037745928699615
module_c_full_雨天_20260826_164329/metrics_iter02,full,雨天,2,52,0.38936667448006834,0.3858885973344694,-0.0034780771455989457,0.8449265211820602,0.83127760887146,0.01364891231060028,0.004688631609593536,0.0047399404851323655,-5.1308875538829714e-05,0.15507349371910095,0.16872234642505646,0.013648852705955505,0.18870671093463898,0.18983682990074158,0.0011301189661026,1.0,1.0,0.0,0.020580802839863886,0.05033297245037772,0.0354568876451208,0.01955417699935691,0.04504771239779504,0.03230094469857597
module_c_full_雨天_20260826_164329/metrics_iter03,full,雨天,3,53,0.43963542759240337,0.45008316703518053,0.01044773944277716,0.8794758468866348,0.8786138743162155,0.0008619725704193115,0.0029814167774218914,0.003076568744228359,-9.51519668064677e-05,0.12052416801452637,0.1213860958814621,0.00086192786693573,0.10222390294075012,0.10530468821525574,0.0030807852745056152,1.0,1.0,0.0,0.03613104660157037,0.048118305307726775,0.04212467595464857,0.025919105221937806,0.033964090626805124,0.029941597924371465
module_c_full_雾天_20260826_164329/metrics_iter01,full,雾天,1,48,0.29161952224785787,0.3123060666551737,0.02068654440731582,0.6501671731472015,0.6329744786024094,0.01719269454479211,0.0009937652082952849,0.001027950859053445,-3.4185650758160194e-05,0.34983277320861816,0.3670254647731781,0.017192691564559937,0.1749904602766037,0.18943174183368683,0.01444128155708313,1.0,1.0,0.0,0.021822578140944356,0.0370953007307816,0.029458939435862978,0.02264612019878336,0.03755604061446553,0.030101080406624445
module_c_full_雾天_20260826_164329/metrics_iter02,full,雾天,2,49,0.2423964008481188,0.2565780275545244,0.014181626706405603,0.6650242358446121,0.6496427834033967,0.01538145244121547,0.0011693281239069635,0.001218557297110109,-4.922917320314543e-05,0.3349757492542267,0.3503572642803192,0.01538151502609253,0.10837831348180771,0.12491773068904877,0.01653941720724106,0.8,0.8,0.0,0.028442098575796736,0.0399791250692279,0.03421061182251232,0.025851994490081322,0.03460534554002035,0.030228670015050835
module_c_full_雾天_20260826_164329/metrics_iter03,full,雾天,3,50,0.31159514975649927,0.33247677706302614,0.020881627306526873,0.6020562469959259,0.5768074989318848,0.025248748064041093,0.0011924480995906235,0.0012234924393862174,-3.1044339795593826e-05,0.39794379472732544,0.42319250106811523,0.025248706340789795,0.23752978444099426,0.26144877076148987,0.023918986320495605,1.0,1.0,0.0,0.02236153145302049,0.03208464434545928,0.027223087899239884,0.025350808364129937,0.032879674491582134,0.029115241427856035
module_c_full_黑天_20260826_164329/metrics_iter01,full,黑天,1,42,0.2900527702039614,0.300571667723401,0.010518897519439574,0.6869107112288475,0.6457076296210289,0.041203081607818604,0.0012223151708895808,0.0012522299584222418,-2.991478753266107e-05,0.3130892515182495,0.3542924225330353,0.04120317101478577,0.23233070969581604,0.24417707324028015,0.011846363544464111,1.0,1.0,0.0,0.028285571940991676,0.03610809110757939,0.032196831524285534,0.02696268774167777,0.03494408326707314,0.030953385504375458
module_c_full_黑天_20260826_164329/metrics_iter02,full,黑天,2,43,0.37948611403965865,0.39330361311240564,0.013817499072746986,0.52079688757658,0.4884546101093292,0.032342277467250824,0.0014406839481168445,0.001457774527518649,-1.7090579401804517e-05,0.47920313477516174,0.5115454196929932,0.03234228491783142,0.33403152227401733,0.36368897557258606,0.029657453298568726,1.0,1.0,0.0,0.0163454850711205,0.01971611583752236,0.01803080045432143,0.026646055720585288,0.036530670572408115,0.0315883631464967
module_c_full_黑天_20260826_164329/metrics_iter03,full,黑天,3,44,0.3725051748643445,0.3905563047552144,0.018051129890869932,0.5068105533719063,0.4688752740621567,0.0379352793097496,0.0010708265940732337,0.0011046597222788845,-3.383312820565078e-05,0.4931895136833191,0.5311246514320374,0.03793513774871826,0.3224679231643677,0.3363441526889801,0.013876229524612427,1.0,1.0,0.0,0.018664233544440842,0.03085579760573147,0.024760015575086156,0.02508863082036392,0.03883292882522633,0.031960779822795125
module_c_no_classification_feedback_逆光_20260826_211522/metrics_iter01,no_classification_feedback,逆光,1,45,0.2507696142117889,0.24557995211650346,-0.00518966209528543,0.8593070111237466,0.8642574120312929,-0.004950400907546282,0.0016119911797749687,0.0016383294115921224,-2.633823181715368e-05,0.14069300889968872,0.13574260473251343,-0.004950404167175293,0.053130943328142166,0.06407240033149719,0.010941457003355026,0.75,0.75,0.0,0.019190600690408805,0.01764627543124594,0.018418438060827373,0.036170505304800184,0.029740317105850934,0.03295541120532556
module_c_no_classification_feedback_逆光_20260826_211522/metrics_iter02,no_classification_feedback,逆光,2,46,0.27717826084096425,0.27392743626483457,-0.003250824576129685,0.8095938675105572,0.8020374337211251,0.007556433789432049,0.002132592030223768,0.002160547888582752,-2.795585835898423e-05,0.1904061734676361,0.19796259701251984,0.007556423544883728,0.10513175278902054,0.11370615661144257,0.008574403822422028,0.75,0.75,0.0,0.01554267866968219,0.013949455275533587,0.014746066972607889,0.03932047527748892,0.035005572061622386,0.03716302366955565
module_c_no_classification_feedback_逆光_20260826_211522/metrics_iter03,no_classification_feedback,逆光,3,47,0.3497964979874576,0.35403266728941096,0.004236169301953363,0.753167349845171,0.7396237179636955,0.013543631881475449,0.0027239398053576207,0.0027417576622195145,-1.781785686189377e-05,0.24683262407779694,0.2603762447834015,0.013543620705604553,0.13080085813999176,0.14341489970684052,0.012614041566848755,1.0,1.0,0.0,0.013539066056902622,0.011396656189396698,0.01246786112314966,0.04057480250392911,0.03577474100799225,0.03817477175596068
module_c_no_classification_feedback_雨天_20260826_211522/metrics_iter01,no_classification_feedback,雨天,1,51,0.3459811457759461,0.3557274144297601,0.009746268653814005,0.9385239295661449,0.9309137389063835,0.007610190659761429,0.0032797784733843947,0.0033167368802856185,-3.695840690122378e-05,0.06147607043385506,0.06908626109361649,0.007610190659761429,0.10059919953346252,0.09732858836650848,-0.0032706111669540405,0.5,0.5,0.0,0.013482020417489424,0.031200365883427846,0.022341193150458634,0.01734446097559063,0.03317252090334556,0.025258490939468095
module_c_no_classification_feedback_雨天_20260826_211522/metrics_iter02,no_classification_feedback,雨天,2,52,0.3966433456311463,0.3894217555614596,-0.007221590069686701,0.8450072556734085,0.8186678439378738,0.026339411735534668,0.004938378066742242,0.00494828091112063,-9.902844378387524e-06,0.15499278903007507,0.18133218586444855,0.026339396834373474,0.15083163976669312,0.1483493596315384,-0.002482280135154724,1.0,1.0,0.0,0.004847863305753676,0.015665858439523398,0.010256860872638537,0.025410736466532833,0.0593299484617474,0.042370342464140114
module_c_no_classification_feedback_雨天_20260826_211522/metrics_iter03,no_classification_feedback,雨天,3,53,0.46700140558195713,0.4702474288002547,0.003246023218297589,0.8336098343133926,0.7992610558867455,0.034348778426647186,0.002412055563075467,0.002425568227572434,-1.3512664496966812e-05,0.16639021039009094,0.20073893666267395,0.03434872627258301,0.16471338272094727,0.1579734981060028,-0.006739884614944458,1.0,1.0,0.0,0.008356723861131605,0.014074414316402576,0.01121556908876709,0.03590824776523264,0.05504580438078276,0.0454770260730077
module_c_no_classification_feedback_雾天_20260826_211522/metrics_iter01,no_classification_feedback,雾天,1,48,0.25553621450953923,0.2515227227411955,-0.004013491768343702,0.6708815604448318,0.6650892466306686,0.00579231381416323,0.0008147643118122586,0.0008109723053821119,3.7920064301466376e-06,0.32911843061447144,0.33491069078445435,0.00579226016998291,0.18575850129127502,0.1801166534423828,-0.005641847848892212,1.0,1.0,0.0,0.0032771454666326674,0.005160115651158885,0.004218630558895776,0.06455543419245433,0.10103408348482992,0.08279475883864212
module_c_no_classification_feedback_雾天_20260826_211522/metrics_iter02,no_classification_feedback,雾天,2,49,0.24060262908792074,0.23853125991475516,-0.0020713691731655826,0.6690571308135986,0.6432215064764023,0.025835624337196328,0.0010580635389732325,0.0010534900263641511,4.573512609081388e-06,0.33094292879104614,0.3567785322666168,0.02583560347557068,0.17234721779823303,0.18760976195335388,0.01526254415512085,1.0,1.0,0.0,0.0031510310660180303,0.005321671521305363,0.004236351293661697,0.06552725245751961,0.08436951639382405,0.07494838442567184
module_c_no_classification_feedback_雾天_20260826_211522/metrics_iter03,no_classification_feedback,雾天,3,50,0.2975453771160245,0.29454733188803,-0.002998045227994517,0.6332757353782654,0.5826957166194916,0.050580018758773826,0.0012327125324607929,0.0012238774655573869,8.835066903405998e-06,0.36672431230545044,0.41730427742004395,0.050579965114593506,0.24986906349658966,0.2383923977613449,-0.011476665735244751,1.0,1.0,0.0,0.0031182432842250334,0.00506176494800148,0.0040900041161132565,0.0610829723624164,0.08631496635920302,0.07369896936080972
module_c_no_classification_feedback_黑天_20260826_211522/metrics_iter01,no_classification_feedback,黑天,1,42,0.37262809143749676,0.37490337240804267,0.002275280970545912,0.4903344139456749,0.4218333661556244,0.0685010477900505,0.001262196844816051,0.001235278498062422,2.6918346753628973e-05,0.5096655488014221,0.5781667828559875,0.06850123405456543,0.3903391361236572,0.4024035334587097,0.01206439733505249,1.0,1.0,0.0,0.0022410819373239626,0.003719427424216254,0.0029802546807701086,0.05616797256312462,0.061746682047126855,0.058957327305125734
module_c_no_classification_feedback_黑天_20260826_211522/metrics_iter02,no_classification_feedback,黑天,2,43,0.29552144905315175,0.2983763043329751,0.0028548552798233207,0.6557174623012543,0.6193569675087929,0.036360494792461395,0.001201237139150763,0.0011899850705467518,1.125206860401115e-05,0.3442825376987457,0.3806430697441101,0.03636053204536438,0.24904832243919373,0.25947630405426025,0.010427981615066528,1.0,1.0,0.0,0.004744277150203249,0.005830502501013438,0.005287389825608344,0.05887269154062913,0.0701172815353836,0.06449498653800637
module_c_no_classification_feedback_黑天_20260826_211522/metrics_iter03,no_classification_feedback,黑天,3,44,0.3692636963068471,0.36906328307402464,-0.0002004132328224384,0.5275619402527809,0.4557211697101593,0.07184077054262161,0.0010657603889775971,0.0010464688039054687,1.929158507212839e-05,0.47243812680244446,0.5442787408828735,0.07184061408042908,0.3109416365623474,0.3134978115558624,0.0025561749935150146,1.0,1.0,0.0,0.002346985709679163,0.005137480849500316,0.0037422332795897396,0.06163683432751274,0.08062902679504041,0.07113293056127658
module_c_no_cycle_逆光_20260826_173642/metrics_iter01,no_cycle,逆光,1,45,0.35497236295262263,0.3719946365152838,0.017022273562661172,0.7913762722164392,0.7918654354289174,-0.0004891632124781609,0.002015954256859522,0.0021091116259566345,-9.315736909711264e-05,0.2086237370967865,0.20813459157943726,-0.0004891455173492432,0.1359291970729828,0.14656049013137817,0.010631293058395386,0.75,0.75,0.0,0.07058139108196479,0.06849467479605245,0.06953803293900862,0.037933993828875155,0.03223090022084052,0.03508244702485784
module_c_no_cycle_逆光_20260826_173642/metrics_iter02,no_cycle,逆光,2,46,0.26382168787136645,0.26126828217705816,-0.002553405694308286,0.8751875343732536,0.8751503564417362,3.7177931517362595e-05,0.002413106527963546,0.002511099864007732,-9.799333604418575e-05,0.12481243908405304,0.12484965473413467,3.721565008163452e-05,0.05960020795464516,0.06237032264471054,0.002770114690065384,0.75,0.75,0.0,0.0634799900765402,0.06116905224323726,0.062324521159888735,0.03331389911433085,0.03155375584362666,0.03243382747897876
module_c_no_cycle_逆光_20260826_173642/metrics_iter03,no_cycle,逆光,3,47,0.26938266744848854,0.26960740643158543,0.00022473898309688378,0.8713511684909463,0.876168392598629,-0.004817224107682705,0.0023885317836849565,0.0024734550109930193,-8.492322730806277e-05,0.12864884734153748,0.12383159250020981,-0.004817254841327667,0.027372505515813828,0.03370162472128868,0.0063291192054748535,0.75,0.75,0.0,0.06150729690964708,0.056768495967041394,0.05913789643834424,0.03139344455448663,0.02924392754336238,0.030318686048924504
module_c_no_cycle_雨天_20260826_173642/metrics_iter01,no_cycle,雨天,1,51,0.4208964800228021,0.4392958838314118,0.018399403808609716,0.8125744611024857,0.7936202362179756,0.01895422488451004,0.0030972008279247765,0.0031982536592649177,-0.00010105283134014117,0.18742555379867554,0.2063797414302826,0.018954187631607056,0.2038537561893463,0.20575805008411407,0.0019042938947677612,1.0,1.0,0.0,0.04471497488012805,0.08280617634315023,0.06376057561163914,0.02462732234933838,0.04317855237894445,0.03390293736414141
module_c_no_cycle_雨天_20260826_173642/metrics_iter02,no_cycle,雨天,2,52,0.3269153295630767,0.3144756499373124,-0.012439679625764255,0.9790169717743993,0.9724968085065484,0.006520163267850876,0.00892945343548763,0.008972862623698542,-4.3409188210911595e-05,0.020983019843697548,0.027503181248903275,0.006520161405205727,0.08097106218338013,0.07292300462722778,-0.008048057556152344,1.0,1.0,0.0,0.02877052957156523,0.08061172689518949,0.05469112823337736,0.015649457323064647,0.04434345035568399,0.02999645383937432
module_c_no_cycle_雨天_20260826_173642/metrics_iter03,no_cycle,雨天,3,53,0.47493978035121415,0.48967357678428336,0.014733796433069213,0.8410065956413746,0.8588071539998055,-0.017800558358430862,0.0028206864379796584,0.0029402950337868066,-0.00011960859580714819,0.1589934080839157,0.14119285345077515,-0.017800554633140564,0.16745488345623016,0.16446000337600708,-0.0029948800802230835,1.0,1.0,0.0,0.046582690132502505,0.07893735616610924,0.06276002314930587,0.026279181672512104,0.04070508594492379,0.03349213380871795
module_c_no_cycle_雾天_20260826_173642/metrics_iter01,no_cycle,雾天,1,48,0.31706111364135897,0.34199534045973706,0.02493422681837809,0.6025756537914276,0.5946666598320007,0.007908993959426902,0.0012121732799396366,0.0012715713921979195,-5.939811225828297e-05,0.3974243104457855,0.4053332805633545,0.00790897011756897,0.2130417376756668,0.25196799635887146,0.03892625868320465,1.0,1.0,0.0,0.061443028066400854,0.08826665166897964,0.07485483986769025,0.03249338608755552,0.043362411528825404,0.03792789880819046
module_c_no_cycle_雾天_20260826_173642/metrics_iter02,no_cycle,雾天,2,49,0.21629521547796215,0.22742791741188276,0.011132701933920602,0.7470749408006668,0.7428862154483795,0.004188725352287315,0.0010530642181765353,0.001088607795042585,-3.5543576866049796e-05,0.2529250681400299,0.25711381435394287,0.004188746213912964,0.09792383015155792,0.11785855144262314,0.019934721291065216,0.8,1.0,0.19999999999999996,0.059645073677435725,0.08852442974513353,0.07408475171128462,0.028563214230229235,0.044877651719024664,0.036720432974626946
module_c_no_cycle_雾天_20260826_173642/metrics_iter03,no_cycle,雾天,3,50,0.2976756369336223,0.32031755422784947,0.022641917294227154,0.5897812247276306,0.5769368052482605,0.012844419479370095,0.0011423992252453784,0.0011815208838419204,-3.912165859654192e-05,0.4102187156677246,0.42306312918663025,0.01284441351890564,0.24015352129936218,0.260261595249176,0.020108073949813843,1.0,1.0,0.0,0.06140725302246137,0.09354030123485181,0.07747377712865659,0.03108285667862817,0.046806712919461854,0.038944784799045014
module_c_no_cycle_黑天_20260826_173642/metrics_iter01,no_cycle,黑天,1,42,0.29521715921651503,0.31178078113071866,0.01656362191420363,0.6315962225198746,0.5866693630814552,0.04492685943841934,0.0012601962922055227,0.0013141726544222152,-5.397636221669247e-05,0.368403822183609,0.4133305251598358,0.04492670297622681,0.25791507959365845,0.2751944959163666,0.01727941632270813,1.0,1.0,0.0,0.062261910104343995,0.08093900573898553,0.07160045792166476,0.03159197178959043,0.04302837019404851,0.03731017099181947
module_c_no_cycle_黑天_20260826_173642/metrics_iter02,no_cycle,黑天,2,43,0.3512698962825888,0.3811454848130589,0.029875588530470065,0.5784529447555542,0.5491092875599861,0.029343657195568085,0.001632421072094578,0.0017321199935603486,-9.969892146577072e-05,0.4215470552444458,0.4508907198905945,0.02934366464614868,0.28812292218208313,0.338983416557312,0.05086049437522888,1.0,1.0,0.0,0.05818699570747587,0.08210326581811313,0.0701451307627945,0.028735769195538167,0.04402074618676943,0.0363782576911538
module_c_no_cycle_黑天_20260826_173642/metrics_iter03,no_cycle,黑天,3,44,0.37111694310085996,0.39792482874456814,0.026807885643708174,0.5680301040410995,0.529079757630825,0.038950346410274506,0.001599504051743574,0.00164326123455594,-4.375718281236611e-05,0.43196985125541687,0.47092026472091675,0.03895041346549988,0.26280683279037476,0.2927159368991852,0.029909104108810425,1.0,1.0,0.0,0.049287987511805555,0.08750472174509497,0.06839635462845026,0.024699688639605453,0.04540759434974093,0.035053641494673195
module_c_no_identity_逆光_20260826_182745/metrics_iter01,no_identity,逆光,1,45,0.335152717630775,0.3445275128210569,0.009374795190281948,0.8266943618655205,0.8300538891926408,-0.003359527327120304,0.0020026019949205484,0.002108035181899596,-0.00010543318697904753,0.1733056604862213,0.16994614899158478,-0.0033595114946365356,0.10313550382852554,0.1161516085267067,0.013016104698181152,0.75,1.0,0.25,0.044685247371702916,0.041120323360155114,0.042902785365929015,0.035678363961307524,0.02807451125323085,0.03187643760726919
module_c_no_identity_逆光_20260826_182745/metrics_iter02,no_identity,逆光,2,46,0.2974758134615455,0.3019494920140951,0.004473678552549598,0.8307350501418114,0.8344088094308972,-0.003673759289085865,0.0023427474945887476,0.0024755209494436293,-0.00013277345485488172,0.16926494240760803,0.16559121012687683,-0.003673732280731201,0.09265071898698807,0.0988440215587616,0.006193302571773529,0.75,0.75,0.0,0.04830522647384777,0.04359682364071524,0.045951025057281505,0.03333708471320746,0.030768067619608822,0.032052576166408143
module_c_no_identity_逆光_20260826_182745/metrics_iter03,no_identity,逆光,3,47,0.25852785689821206,0.25748655423818756,-0.0010413026600245012,0.8751469179987907,0.8792466530576348,-0.0040997350588440895,0.0024143175322643364,0.002531664953667891,-0.0001173474214035547,0.12485306710004807,0.12075334042310715,-0.004099726676940918,0.022299153730273247,0.03111901879310608,0.008819865062832832,0.5,0.5,0.0,0.055512073750515874,0.04766489589822169,0.051588484824368785,0.031252299083374346,0.028260499457454756,0.02975639927041455
module_c_no_identity_雨天_20260826_182745/metrics_iter01,no_identity,雨天,1,51,0.43687112432398495,0.4524814572940645,0.015610332970079577,0.8676453083753586,0.8542744219303131,0.013370886445045471,0.004166824041756998,0.0042466187064654,-7.979466470840139e-05,0.1323547214269638,0.14572560787200928,0.013370886445045471,0.2087332159280777,0.19909977912902832,-0.009633436799049377,1.0,1.0,0.0,0.026890568120964353,0.05477378341750464,0.040832175769234494,0.021481977188405894,0.03959915698857468,0.030540567088490286
module_c_no_identity_雨天_20260826_182745/metrics_iter02,no_identity,雨天,2,52,0.35016726783262003,0.35148828302168406,0.0013210151890640232,0.9285158850252628,0.9141057319939137,0.014410153031349182,0.004641667035592312,0.004699547929224222,-5.7880893631910395e-05,0.07148411870002747,0.08589425683021545,0.014410138130187988,0.11935758590698242,0.12098196893930435,0.00162438303232193,1.0,1.0,0.0,0.022634156167260038,0.057619504157201046,0.040126830162230544,0.01906598249258451,0.04518650863712481,0.03212624556485466
module_c_no_identity_雨天_20260826_182745/metrics_iter03,no_identity,雨天,3,53,0.5007762158391685,0.5143582098243572,0.013581993985188667,0.80203478038311,0.7841868996620178,0.017847880721092224,0.0038921019259432073,0.003984061541303248,-9.19596153600411e-05,0.19796523451805115,0.21581308543682098,0.017847850918769836,0.18168283998966217,0.18706995248794556,0.005387112498283386,1.0,1.0,0.0,0.02203882844967326,0.04377024319269721,0.032904535821185237,0.021592370867303954,0.03791377289053483,0.029753071878919395
module_c_no_identity_雾天_20260826_182745/metrics_iter01,no_identity,雾天,1,48,0.3461332952493832,0.3647196937467814,0.018586398497398238,0.5334755420684815,0.5167652130126953,0.016710329055786177,0.000988654268063777,0.0010128075906681148,-2.415332260433784e-05,0.46652451157569885,0.4832347333431244,0.016710221767425537,0.22622647881507874,0.254244863986969,0.02801838517189026,1.0,1.0,0.0,0.014450654089648544,0.025544913402670608,0.019997783746159577,0.028170373702085787,0.041950250222369236,0.03506031196222751
module_c_no_identity_雾天_20260826_182745/metrics_iter02,no_identity,雾天,2,49,0.24530001382532307,0.2550781345938641,0.00977812076854101,0.682743889093399,0.6537719279527664,0.028971961140632607,0.000990438846697276,0.0010296831893776238,-3.924434268034777e-05,0.3172561526298523,0.34622806310653687,0.02897191047668457,0.12040400505065918,0.14732162654399872,0.02691762149333954,1.0,1.0,0.0,0.029383014453473768,0.042343596199244125,0.035863305326358945,0.02996346306915164,0.04107247824450956,0.0355179706568306
module_c_no_identity_雾天_20260826_182745/metrics_iter03,no_identity,雾天,3,50,0.31998884990659554,0.3413250255636739,0.02133617565707835,0.580689114332199,0.5534957468509674,0.02719336748123169,0.0012814125826095377,0.001310693171271235,-2.9280588661697313e-05,0.41931089758872986,0.4465042054653168,0.027193307876586914,0.2692793309688568,0.29122525453567505,0.021945923566818237,1.0,1.0,0.0,0.019882213625893014,0.03127980602857361,0.02558100982723331,0.029677703524851707,0.04030758308719951,0.03499264330602561
module_c_no_identity_黑天_20260826_182745/metrics_iter01,no_identity,黑天,1,42,0.29907034151910733,0.31488226162547084,0.01581192010636351,0.6249997392296791,0.5819976553320885,0.04300208389759064,0.0013149263887801805,0.0013441598838860938,-2.9233495105913335e-05,0.3750002384185791,0.41800227761268616,0.043002039194107056,0.2532147765159607,0.2669421434402466,0.013727366924285889,1.0,1.0,0.0,0.02884370321063827,0.037919985561795495,0.033381844386216886,0.029277649102185974,0.04028843895080698,0.03478304402649648
module_c_no_identity_黑天_20260826_182745/metrics_iter02,no_identity,黑天,2,43,0.36273011273682293,0.3741160630051887,0.011385950268365752,0.6059883609414101,0.5666617602109909,0.03932660073041916,0.001635807911563596,0.001648614568177693,-1.2806656614096834e-05,0.3940116763114929,0.4333381950855255,0.03932651877403259,0.2704763412475586,0.30110132694244385,0.030624985694885254,1.0,1.0,0.0,0.016898469790016385,0.023669560501720956,0.02028401514586867,0.029996741850795306,0.045749685460814815,0.03787321365580506
module_c_no_identity_黑天_20260826_182745/metrics_iter03,no_identity,黑天,3,44,0.3888287441539424,0.40360754854525055,0.014778804391308131,0.5338345095515251,0.49500370770692825,0.03883080184459686,0.001578422931299547,0.0015922666379574082,-1.3843706657861278e-05,0.4661654829978943,0.5049962997436523,0.03883081674575806,0.3060317039489746,0.3187381625175476,0.012706458568572998,1.0,1.0,0.0,0.01304759861138591,0.024920410742774804,0.018984004677080356,0.030016815409739394,0.04720778453902023,0.03861229997437981
module_c_no_module_c_逆光_20260826_221802/metrics_iter01,no_module_c,逆光,1,45,0.25979656512586197,0.25618923479178063,-0.003607330334081338,0.8981181811541319,0.9194743065163493,-0.021356125362217426,0.0016703078195319755,0.0017041234392065777,-3.3815619674602186e-05,0.10188182443380356,0.0805257111787796,-0.021356113255023956,0.03764958679676056,0.034009259194135666,-0.003640327602624893,0.75,0.5,-0.25,0.10294183378188171,0.08273422022453751,0.09283802700320962,0.053409228392267624,0.042049659854316954,0.04772944412329229
module_c_no_module_c_逆光_20260826_221802/metrics_iter02,no_module_c,逆光,2,46,0.2747190378332476,0.27025682053240246,-0.004462217300845117,0.8360660132020712,0.8366526439785957,-0.0005866307765245438,0.002158014450071413,0.002197459685284358,-3.944523521294497e-05,0.16393397748470306,0.16334736347198486,-0.0005866140127182007,0.0805465504527092,0.07812507450580597,-0.0024214759469032288,0.75,0.75,0.0,0.09790201991014967,0.09395095428915523,0.09592648709965246,0.04937325174328955,0.050327012800295966,0.04985013227179276
module_c_no_module_c_逆光_20260826_221802/metrics_iter03,no_module_c,逆光,3,47,0.3164671157399813,0.3151902849543004,-0.0012768307856809158,0.8095825426280499,0.8134009409695864,-0.003818398341536522,0.0023726427512661564,0.002423759207787861,-5.1116456521704476e-05,0.19041746854782104,0.18659907579421997,-0.0038183927536010742,0.09022600948810577,0.08138301968574524,-0.008842989802360535,1.0,1.0,0.0,0.08413126860794991,0.08108490557221171,0.0826080870900808,0.04324790361763835,0.04182471222959913,0.04253630792361874
module_c_no_module_c_雨天_20260826_221802/metrics_iter01,no_module_c,雨天,1,51,0.32610080872868547,0.3361653620111106,0.010064553282425115,0.9520999006927013,0.9186282493174076,0.03347165137529373,0.003609491644513265,0.0036302732191873114,-2.0781574674046295e-05,0.047900110483169556,0.08137175440788269,0.033471643924713135,0.10552525520324707,0.09354571998119354,-0.011979535222053528,0.5,1.0,0.5,0.04516163660051905,0.08222022349244615,0.0636909300464826,0.024271399897936665,0.044543497981795355,0.03440744893986601
module_c_no_module_c_雨天_20260826_221802/metrics_iter02,no_module_c,雨天,2,52,0.3444953115272205,0.3369675302533495,-0.007527781273870993,0.9376652631908655,0.9091665931046009,0.02849867008626461,0.006923263659463088,0.006944344936092788,-2.10812766297001e-05,0.062334753572940826,0.0908334031701088,0.02849864959716797,0.097309909760952,0.08986420184373856,-0.00744570791721344,1.0,1.0,0.0,0.042247958811502305,0.1063352036552215,0.07429158123336191,0.020742867895071848,0.05892635277763184,0.03983461033635184
module_c_no_module_c_雨天_20260826_221802/metrics_iter03,no_module_c,雨天,3,53,0.40121219529238383,0.40210378142646425,0.0008915861340804132,0.9530168082565069,0.9341947846114635,0.018822023645043373,0.0043766564797365955,0.0043997833548881145,-2.312687515151901e-05,0.04698319733142853,0.06580522656440735,0.01882202923297882,0.10709414631128311,0.10393425077199936,-0.0031598955392837524,1.0,1.0,0.0,0.06426868509313413,0.09264570174894769,0.0784571934210409,0.03032504243495739,0.04680953625853615,0.03856728934674677
module_c_no_module_c_雾天_20260826_221802/metrics_iter01,no_module_c,雾天,1,48,0.26669683548737055,0.2540195783321368,-0.012677257155233768,0.7189539074897766,0.7481451034545898,-0.029191195964813232,0.0008900320072868175,0.0008917137180506755,-1.681710763857939e-06,0.281046062707901,0.25185495615005493,-0.02919110655784607,0.1535109579563141,0.09933622181415558,-0.05417473614215851,1.0,0.8,-0.19999999999999996,0.15307752675202696,0.21822466200579904,0.185651094378913,0.0862415362859894,0.13617988872248152,0.11121071250423546
module_c_no_module_c_雾天_20260826_221802/metrics_iter02,no_module_c,雾天,2,49,0.16005553210564374,0.14452194194584456,-0.015533590159799188,0.7676118910312653,0.7746621072292328,-0.007050216197967529,0.001994330262923188,0.0020017193961417686,-7.389133218580705e-06,0.23238810896873474,0.2253378927707672,-0.007050216197967529,0.0503605492413044,0.03972744569182396,-0.010633103549480438,0.8,0.6,-0.20000000000000007,0.10308273175569714,0.16709258291541487,0.135087657335556,0.05247603847627927,0.0898799350686078,0.07117798677244352
module_c_no_module_c_雾天_20260826_221802/metrics_iter03,no_module_c,雾天,3,50,0.29755042701376905,0.2759395993822236,-0.021610827631545426,0.6961180001497269,0.7409559220075608,-0.04483792185783386,0.0010846079676220927,0.0010862967246348752,-1.6887570127824443e-06,0.30388206243515015,0.2590440511703491,-0.044838011264801025,0.17646171152591705,0.12525883316993713,-0.05120287835597992,1.0,1.0,0.0,0.15048535218880865,0.20768182191355442,0.17908358705118155,0.08550538924049787,0.1323838713583554,0.10894463029942664
module_c_no_module_c_黑天_20260826_221802/metrics_iter01,no_module_c,黑天,1,42,0.3148318972664125,0.3251032105258286,0.010271313259416104,0.6732873693108559,0.6880759038031101,-0.014788534492254257,0.0010606796970675,0.001057664275676927,3.0154213905729185e-06,0.32671263813972473,0.3119240701198578,-0.014788568019866943,0.20612935721874237,0.1457018107175827,-0.06042754650115967,1.0,1.0,0.0,0.1775253470253266,0.2237434050993759,0.20063437606235124,0.09745966160011707,0.13909545983976088,0.11827756071993897
module_c_no_module_c_黑天_20260826_221802/metrics_iter02,no_module_c,黑天,2,43,0.29126010122815793,0.28763894705190757,-0.003621154176250363,0.7982601746916771,0.8183065354824066,-0.020046360790729523,0.0016166237918504105,0.001620198432602025,-3.574640751614422e-06,0.20173978805541992,0.1816934496164322,-0.020046338438987732,0.13175643980503082,0.11064399778842926,-0.021112442016601562,1.0,1.0,0.0,0.14593129096706173,0.17690015504765952,0.16141572300736062,0.08018947834200162,0.11137114307127813,0.09578031070663987
module_c_no_module_c_黑天_20260826_221802/metrics_iter03,no_module_c,黑天,3,44,0.37408016469081246,0.3638461553929903,-0.010234009297822144,0.6513282135128975,0.6421156227588654,0.009212590754032135,0.0013393349965367882,0.001340344175488794,-1.0091789520057237e-06,0.3486717939376831,0.35788440704345703,0.009212613105773926,0.20326517522335052,0.13689389824867249,-0.06637127697467804,1.0,0.75,-0.25,0.14245021268398572,0.1973784871576395,0.1699143499208126,0.08258624481479286,0.12665567088974555,0.10462095785226921
module_c_no_paired_contrastive_逆光_20260826_192723/metrics_iter01,no_paired_contrastive,逆光,1,45,0.22733695652284674,0.23117822043920738,0.0038412639163606377,0.8927944232709706,0.9040020606480539,-0.011207637377083302,0.0019505223817650953,0.002068634206671726,-0.00011811182490663059,0.10720561444759369,0.09599793702363968,-0.01120767742395401,0.00788952223956585,0.012632334604859352,0.004742812365293503,0.5,0.5,0.0,0.05489030981277201,0.051395214816300404,0.053142762314536206,0.03373761146695219,0.02779337259245904,0.03076549202970562
module_c_no_paired_contrastive_逆光_20260826_192723/metrics_iter02,no_paired_contrastive,逆光,2,46,0.26331396491898673,0.2615931770774582,-0.001720787841528515,0.9170042742043734,0.9236871395260096,-0.0066828653216362,0.0022837241671895755,0.002372899163230098,-8.917499604052265e-05,0.08299572765827179,0.07631285488605499,-0.006682872772216797,0.0351378507912159,0.029424313455820084,-0.005713537335395813,0.5,0.5,0.0,0.0497491059636271,0.044997873563035605,0.04737348976333135,0.03057252321967609,0.027534025810257334,0.029053274514966712
module_c_no_paired_contrastive_逆光_20260826_192723/metrics_iter03,no_paired_contrastive,逆光,3,47,0.3472603450856045,0.35610030779269575,0.008839962707091253,0.7905191481113434,0.7843114025890827,0.006207745522260666,0.0024526077918150782,0.0025607472559283314,-0.00010813946411325319,0.20948085188865662,0.21568867564201355,0.006207823753356934,0.10646981745958328,0.11543446034193039,0.008964642882347107,1.0,1.0,0.0,0.05349205920731973,0.04118997978282685,0.047341019495073286,0.03289340281989585,0.02813791084765245,0.03051565683377415
module_c_no_paired_contrastive_雨天_20260826_192723/metrics_iter01,no_paired_contrastive,雨天,1,51,0.42263786718108076,0.44314447477878766,0.020506607597706894,0.8331091925501823,0.8188303709030151,0.014278821647167206,0.0028060919003129784,0.0029036787560820982,-9.758685576911983e-05,0.16689077019691467,0.18116964399814606,0.014278873801231384,0.18646140396595,0.18549878895282745,-0.0009626150131225586,1.0,1.0,0.0,0.02774913984434432,0.05278361925267103,0.040266379548507675,0.022593080524666877,0.03830596276720977,0.030449521645938324
module_c_no_paired_contrastive_雨天_20260826_192723/metrics_iter02,no_paired_contrastive,雨天,2,52,0.38989270913845675,0.38750030674223507,-0.0023924023962216823,0.8505612164735794,0.8399501442909241,0.010611072182655334,0.0047766537021921044,0.00484202699330873,-6.537329111662524e-05,0.1494387686252594,0.16004984080791473,0.010611072182655334,0.16181999444961548,0.16458261013031006,0.00276261568069458,1.0,1.0,0.0,0.019451859205328086,0.04980214945421565,0.034627004329771865,0.018652733982985344,0.044574599029514876,0.03161366650625011
module_c_no_paired_contrastive_雨天_20260826_192723/metrics_iter03,no_paired_contrastive,雨天,3,53,0.49275973596624667,0.5096924381828769,0.016932702216630235,0.8441275656223297,0.8291979432106018,0.014929622411727905,0.004816774732166518,0.004946441093595777,-0.00012966636142925942,0.15587246417999268,0.170802041888237,0.014929577708244324,0.16083958745002747,0.15870608389377594,-0.002133503556251526,1.0,1.0,0.0,0.019709286297083035,0.04233266742104655,0.03102097685906479,0.01901216020717183,0.03502253417950852,0.027017347193340174
module_c_no_paired_contrastive_雾天_20260826_192723/metrics_iter01,no_paired_contrastive,雾天,1,48,0.3173616523720929,0.3344590040384667,0.017097351666373772,0.6135392367839814,0.5976269602775574,0.015912276506424017,0.0012159235917115912,0.0012402535860117408,-2.432999430014961e-05,0.3864608108997345,0.4023730158805847,0.01591220498085022,0.2006395310163498,0.21720802783966064,0.016568496823310852,1.0,1.0,0.0,0.01724138236491943,0.029578860604583534,0.02341012148475148,0.021273594869139656,0.03478968009431557,0.028031637481727614
module_c_no_paired_contrastive_雾天_20260826_192723/metrics_iter02,no_paired_contrastive,雾天,2,49,0.3323824719038375,0.3520841035519312,0.019701631648093687,0.5335552275180817,0.525543874502182,0.008011353015899725,0.0012503099883627218,0.0012840881824133141,-3.377819405059237e-05,0.46644479036331177,0.47445613145828247,0.008011341094970703,0.228865385055542,0.25037020444869995,0.02150481939315796,1.0,1.0,0.0,0.016383373954209562,0.02661354044212772,0.02149845719816864,0.02346346807945005,0.03310934974475743,0.02828640891210374
module_c_no_paired_contrastive_雾天_20260826_192723/metrics_iter03,no_paired_contrastive,雾天,3,50,0.2854492355470721,0.3040931445071782,0.018643908960106148,0.6424261808395386,0.6199081897735595,0.02251799106597907,0.0012132317060719344,0.0012396194715318177,-2.6387765459883307e-05,0.35757389664649963,0.3800918757915497,0.02251797914505005,0.2084060162305832,0.23883256316184998,0.030426546931266785,1.0,1.0,0.0,0.021830065422659597,0.03640168169521126,0.02911587355893543,0.023657690553249077,0.03346823048300849,0.02856296051812878
module_c_no_paired_contrastive_黑天_20260826_192723/metrics_iter01,no_paired_contrastive,黑天,1,42,0.30891946936818043,0.32165686721142644,0.012737397843246012,0.6426255404949188,0.6082359328866005,0.03438960760831833,0.0014712190083995158,0.0014926276417936762,-2.140863339416036e-05,0.3573743999004364,0.3917641043663025,0.03438970446586609,0.25920331478118896,0.27297282218933105,0.01376950740814209,1.0,1.0,0.0,0.023900530563687458,0.033405563736584064,0.02865304715013576,0.025680899626123643,0.03698999471125067,0.03133544716868716
module_c_no_paired_contrastive_黑天_20260826_192723/metrics_iter02,no_paired_contrastive,黑天,2,43,0.3025129817464546,0.31660020497405367,0.014087223227599088,0.7287366352975368,0.7026346698403358,0.026101965457201004,0.0016469801951125597,0.0016893022266273859,-4.232203151482614e-05,0.27126339077949524,0.2973653972148895,0.026102006435394287,0.17661318182945251,0.1981050819158554,0.021491900086402893,1.0,1.0,0.0,0.02572376859752617,0.03210996718467077,0.028916867891098468,0.02660743926872033,0.036506283454979596,0.031556861361849965
module_c_no_paired_contrastive_黑天_20260826_192723/metrics_iter03,no_paired_contrastive,黑天,3,44,0.37475061777521196,0.39094021393851164,0.01618959616329968,0.559750109910965,0.5281029269099236,0.03164718300104141,0.0013796796677590832,0.001417060925242849,-3.738125748376582e-05,0.44024980068206787,0.4718970060348511,0.0316472053527832,0.24327710270881653,0.2596810460090637,0.016403943300247192,1.0,1.0,0.0,0.016752220228379414,0.031508772365304985,0.024130496296842198,0.022565499168023213,0.03807351773765024,0.03031950845283673
module_c_no_prototype_contrastive_逆光_20260826_201844/metrics_iter01,no_prototype_contrastive,逆光,1,45,0.33632581179569454,0.3470588739414341,0.010733062145739547,0.8388496888801455,0.8386951489374042,0.00015453994274139404,0.0016607697861672705,0.0017601182629657275,-9.934847679845702e-05,0.1611502766609192,0.16130481660366058,0.00015453994274139404,0.0867210105061531,0.09358374774456024,0.006862737238407135,1.0,1.0,0.0,0.040971288415459564,0.03926442356639325,0.040117855990926404,0.03338734671282979,0.027487782375044525,0.030437564543937156
module_c_no_prototype_contrastive_逆光_20260826_201844/metrics_iter02,no_prototype_contrastive,逆光,2,46,0.26490985612412554,0.26497460134650164,6.47452223760947e-05,0.879642728716135,0.8845650693401694,-0.004922340624034405,0.002266328548809992,0.002340276696178794,-7.394814736880195e-05,0.12035726010799408,0.1154349222779274,-0.004922337830066681,0.07191433012485504,0.07672890275716782,0.004814572632312775,0.75,0.75,0.0,0.04831529544634787,0.04331343618353045,0.04581436581493916,0.031932071474384045,0.028702631095799732,0.030317351285091887
module_c_no_prototype_contrastive_逆光_20260826_201844/metrics_iter03,no_prototype_contrastive,逆光,3,47,0.35185103566510834,0.3582298335658609,0.006378797900752575,0.7960731536149979,0.7926436010748148,0.0034295525401830673,0.0024145797988679146,0.002524290517921602,-0.00010971071905368753,0.20392678678035736,0.20735637843608856,0.003429591655731201,0.10393340140581131,0.10950339585542679,0.0055699944496154785,1.0,1.0,0.0,0.05216846411078163,0.042771974180735715,0.04747021914575868,0.031905477481758766,0.0285719866508082,0.030238732066283483
module_c_no_prototype_contrastive_雨天_20260826_201844/metrics_iter01,no_prototype_contrastive,雨天,1,51,0.4606283725127528,0.48077117292176735,0.02014280040901456,0.8202654868364334,0.8112328946590424,0.009032592177391052,0.002789899416306137,0.0029006120210368948,-0.00011071260473075788,0.1797345131635666,0.18876709043979645,0.009032577276229858,0.2029133439064026,0.19580714404582977,-0.007106199860572815,1.0,1.0,0.0,0.02604905842739916,0.04629198354348747,0.036170520985443315,0.023179508603013415,0.03776414620812632,0.03047182740556987
module_c_no_prototype_contrastive_雨天_20260826_201844/metrics_iter02,no_prototype_contrastive,雨天,2,52,0.3859784830824789,0.385541803244914,-0.0004366798375649017,0.8605466932058334,0.842450737953186,0.0180959552526474,0.005190067989749988,0.005260571526710117,-7.050353696012868e-05,0.13945329189300537,0.15754924714565277,0.0180959552526474,0.1523756980895996,0.14861705899238586,-0.003758639097213745,1.0,1.0,0.0,0.02003868489464598,0.049276498059886015,0.034657591477266,0.019168116565680293,0.04507818375503449,0.03212315016035739
module_c_no_prototype_contrastive_雨天_20260826_201844/metrics_iter03,no_prototype_contrastive,雨天,3,53,0.4744384443391824,0.48910975380757205,0.014671309468389626,0.8024919405579567,0.799297645688057,0.0031942948698997498,0.004223561766666753,0.004321069718431299,-9.75079517645458e-05,0.1975080370903015,0.20070230960845947,0.003194272518157959,0.1229955404996872,0.11614479124546051,-0.006850749254226685,1.0,1.0,0.0,0.02391321472523768,0.04119788487402058,0.03255554979962913,0.02110276323772207,0.03419103735811029,0.02764690029791618
module_c_no_prototype_contrastive_雾天_20260826_201844/metrics_iter01,no_prototype_contrastive,雾天,1,48,0.26296911726029726,0.28211948018313865,0.01915036292284139,0.7435823798179626,0.7289963006973267,0.01458607912063592,0.0007567129928557723,0.0007930034669043915,-3.629047404861917e-05,0.2564176023006439,0.2710036635398865,0.014586061239242554,0.125436931848526,0.1306164264678955,0.005179494619369507,1.0,1.0,0.0,0.026571810182760565,0.0374540608698003,0.03201293552628043,0.026527336560577992,0.03750328486472009,0.03201531071264904
module_c_no_prototype_contrastive_雾天_20260826_201844/metrics_iter02,no_prototype_contrastive,雾天,2,49,0.3067651226957938,0.32332478515645663,0.016559662460662816,0.6232661157846451,0.6263195931911468,-0.003053477406501748,0.001622657587952192,0.0016628997441249197,-4.024215617272776e-05,0.37673383951187134,0.3736804127693176,-0.003053426742553711,0.14469119906425476,0.15413442254066467,0.009443223476409912,1.0,1.0,0.0,0.013506422326428845,0.02581178143255412,0.01965910187949148,0.019281215068438853,0.0322870342579549,0.025784124663196878
module_c_no_prototype_contrastive_雾天_20260826_201844/metrics_iter03,no_prototype_contrastive,雾天,3,50,0.2734889763301771,0.28748914488935606,0.01400016855917896,0.6944519430398941,0.68077432513237,0.013677617907524087,0.0012605538529416522,0.001286211090425368,-2.5657237483715746e-05,0.3055480420589447,0.3192257583141327,0.013677716255187988,0.1762527972459793,0.1929236650466919,0.016670867800712585,1.0,1.0,0.0,0.021549215456098458,0.03384894209022933,0.027699078773163896,0.022575598180718352,0.03198528190195181,0.02728044004133508
module_c_no_prototype_contrastive_黑天_20260826_201844/metrics_iter01,no_prototype_contrastive,黑天,1,42,0.3971333881756199,0.4097580445734452,0.01262465639782534,0.5704024210572243,0.5634201988577843,0.0069822221994400024,0.0011924500275413712,0.001205087007117015,-1.2636979575643805e-05,0.4295976161956787,0.4365798234939575,0.006982207298278809,0.25872042775154114,0.2616291046142578,0.002908676862716675,1.0,1.0,0.0,0.01125140620140686,0.015920679901436297,0.013586043051421578,0.026215952655236106,0.03559887372768665,0.030907413191461376
module_c_no_prototype_contrastive_黑天_20260826_201844/metrics_iter02,no_prototype_contrastive,黑天,2,43,0.36848018070302274,0.3768319254476697,0.00835174474464695,0.6094803288578987,0.6025844663381577,0.006895862519741058,0.0014624305864332462,0.0014846217095197346,-2.219112308648845e-05,0.3905196785926819,0.39741548895835876,0.00689581036567688,0.2411835938692093,0.24815209209918976,0.006968498229980469,1.0,1.0,0.0,0.01370508322754138,0.016116217019695345,0.014910650123618363,0.026269140541124992,0.03582099276398583,0.03104506665255541
module_c_no_prototype_contrastive_黑天_20260826_201844/metrics_iter03,no_prototype_contrastive,黑天,3,44,0.3901063547996059,0.4030692844198276,0.012962929620221664,0.5670602917671204,0.5540793240070343,0.01298096776008606,0.0014089433832207793,0.0014437285204083978,-3.478513718761854e-05,0.43293970823287964,0.4459206461906433,0.012980937957763672,0.23828861117362976,0.24593651294708252,0.007647901773452759,1.0,1.0,0.0,0.01220445942835216,0.02089617119488938,0.01655031531162077,0.024476145052424195,0.03755142099090058,0.031013783021662387
